,product_id,seller_id,title,price,image_url
0,53516830,53793247,Điện Thoại Samsung Galaxy A11 (32GB/3GB) - Hàng Chính Hãng,3220000,https://salt.tikicdn.com/cache/280x280/ts/product/98/b8/89/c078436f8c04567119078c0e7adfc255.jpg
1,48524359,54349525,Điện Thoại Vsmart Joy 3 - Hàng chính hãng,1980000,https://salt.tikicdn.com/cache/280x280/ts/product/5a/7b/e1/5acd19c60380413b3e72ac3460da0f62.jpg
2,53090589,53090591,Điện Thoại iPhone  SE 64GB ( 2020)  -  Hàng  Chính Hãng,11290000,https://salt.tikicdn.com/cache/280x280/ts/product/16/15/72/7363f6268c34387efc2d4079c537e64e.jpg
3,46753117,54749371,Điện Thoại Vsmart Active 3 - Hàng Chính Hãng,2850000,https://salt.tikicdn.com/cache/280x280/ts/product/21/b2/3a/3cf0cf3433d7122448bb1f90bf9b7bb0.png
4,32033717,32033719,Điện Thoại iPhone 11 64GB  - Hàng  Chính Hãng,18990000,https://salt.tikicdn.com/cache/280x280/ts/product/84/3d/55/7bb112f36cd07f712d461e386e74e3d5.jpg
5,32648365,32648369,iPad 10.2 Inch WiFi 32GB New 2019 - Hàng Nhập Khẩu Chính Hãng,8090000,https://salt.tikicdn.com/cache/280x280/ts/product/d2/a3/ec/8c8d00ee9e7d66bd438509780fa9dc8f.jpg
6,45695395,45695397,Điện Thoại Samsung Galaxy A51 (128GB/6GB) - Hàng Chính Hãng - Đã Kích Hoạt Bảo Hành Điện Tử,5999000,https://salt.tikicdn.com/cache/280x280/ts/product/0c/98/a8/a6a1dc2eec8189746bf75c824a6d64e9.jpg
7,32033730,32033732,Điện Thoại iPhone 11 128GB  - Hàng Chính Hãng,20490000,https://salt.tikicdn.com/cache/280x280/ts/product/0c/62/39/499c08d6ec13cd33b33ee601d9e4251e.jpg
8,16256385,16256387,Điện Thoại Vivo Y15 (4GB / 64GB) - Hàng Chính Hãng,2790000,https://salt.tikicdn.com/cache/280x280/ts/product/d7/7c/13/f9e94af4553b064963a0dbdbe7c6b39b.jpg
9,35843180,58444051,Điện Thoại Samsung Galaxy A20s - Hàng Chính Hãng,4390000,https://salt.tikicdn.com/cache/280x280/ts/product/67/92/7a/eb626e7ada147c1946427f3fef1d2f69.jpg
10,51553387,54353918,ĐIỆN THOẠI XIAOMI REDMI NOTE 9S - HÀNG CHÍNH HÃNG,5090000,https://salt.tikicdn.com/cache/280x280/ts/product/a4/79/ce/daae9ce882ca20f2a71910afe46a851b.png
11,25730627,25900866,Điện Thoại Nokia 105 Dual Sim (2019) - Hàng Chính Hãng,355000,https://salt.tikicdn.com/cache/280x280/ts/product/c4/06/23/9991ec95117ea17f4c3174ff58747524.jpg
12,32028822,32028826,Điện Thoại iPhone 11 Pro Max 64GB - Hàng Chính Hãng ,28490000,https://salt.tikicdn.com/cache/280x280/ts/product/6b/da/72/8a286001708741cbcdedc0cbfe8f0cae.jpg
13,48654406,48654410,Điện Thoại Vsmart Star 3 (2GB/16GB) - Hàng Chính Hãng,1590000,https://salt.tikicdn.com/cache/280x280/ts/product/0f/49/ce/81c19a38474b755156c8431d978f5418.jpg
14,34942696,34942700,Điện Thoại Nokia 105 Single Sim (2019) - Hàng Chính Hãng,340000,https://salt.tikicdn.com/cache/280x280/ts/product/f7/29/34/3c020ba1f2e2c0e82b53709e8fc6e3fb.JPG
15,31276832,31276834,Điện Thoại OPPO A9 2020 (128G/8GB) - Hàng Chính Hãng,4690000,https://salt.tikicdn.com/cache/280x280/ts/product/5c/63/67/aad7c2586211ce63030180629e89f743.jpg
16,39751299,53970687,Điện thoại Xiaomi Redmi 8 64GB Ram 4GB - Hàng chính hãng,2990000,https://salt.tikicdn.com/cache/280x280/ts/product/14/71/dc/4eaa1c5b79e21195b85614288eff4ab5.png
17,50300535,50066269,Điện Thoại Samsung Galaxy S20 Plus - Hàng Chính Hãng - Đã Kích Hoạt Bảo Hành Điện Tử,15490000,https://salt.tikicdn.com/cache/280x280/ts/product/ab/18/e1/de59a5bd4d512de45979147c063eda7b.jpg
18,52717588,52717590,Điện Thoại Samsung Galaxy M11 (32GB/3GB) - Hàng Chính Hãng,3190000,https://salt.tikicdn.com/cache/280x280/ts/product/ac/5e/b1/b95a214b23b83e1446b309823f81d459.jpg
19,3717703,51466935,Điện Thoại Di Động GSM ZONO N8110 2.4inch - Hàng Nhập Khẩu,199000,https://salt.tikicdn.com/cache/280x280/ts/product/4f/66/db/dd43d04df84c9f4136074ca9d3079eb7.jpg
20,50024767,52611794,Điện Thoại Vsmart Bee 3 - Hàng Chính Hãng,1240000,https://salt.tikicdn.com/cache/280x280/ts/product/89/d4/d8/59f294826dd2f0233374f24403467e67.jpg
21,21464946,21464948,Máy Tính Bảng Samsung Galaxy Tab A8 8,3550000,https://salt.tikicdn.com/cache/280x280/ts/product/05/f4/a0/4d066ca1f0249c6ff49af104b8b0c431.jpg
22,52342723,52342727,Điện Thoại  Realme C3i (2GB/32G) - Hàng Chính Hãng,2190000,https://salt.tikicdn.com/cache/280x280/ts/product/eb/f9/40/3238e7605b209e3d075f71fd3614bfd9.jpg
23,35770986,39089189,Điện Thoại Xiaomi Redmi 8A (2GB/32GB) - Hàng Chính Hãng,2190000,https://salt.tikicdn.com/cache/280x280/ts/product/58/2a/e8/7e3f40983e6b0dfa60aefae3867c4050.jpg
24,49917539,49917543,Điện Thoại Realme C3 - Hàng Chính Hãng,2690000,https://salt.tikicdn.com/cache/280x280/ts/product/32/79/a9/d7d3e3f4e009f1ee63400a52cac553ff.jpg
25,20913598,20913601,Điện Thoại Nokia 2.2 (16GB/2GB) - Hàng Chính Hãng,1520000,https://salt.tikicdn.com/cache/280x280/ts/product/1e/9c/2a/58a9527e97bbacb7db00b938010b70c7.jpg
26,48307567,48307569,Điện Thoại Samsung Galaxy A01 (16GB/2GB) - Hàng Chính Hãng,2790000,https://salt.tikicdn.com/cache/280x280/ts/product/4d/94/81/431e8b4d197f263a609445dea6e86932.jpg
27,55138557,55311236,Điện thoại Xiaomi Redmi Note 9 Pro - Hàng Chính Hãng,5690000,https://salt.tikicdn.com/cache/280x280/ts/product/5b/26/71/578c605b9f68f63eceaa1acee2e8481e.png
28,34478298,54060192,Điện Thoại Realme 5 Pro (4GB/128GB) - Hàng Chính Hãng,4290000,https://salt.tikicdn.com/cache/280x280/ts/product/71/ed/6b/b0721219f398ed2dba3c13acded8f1d6.jpg
29,45339109,45339111,Điện Thoại Samsung Galaxy A51 (128GB/6GB) - Hàng Chính Hãng,7590000,https://salt.tikicdn.com/cache/280x280/ts/product/9a/da/fd/c806910bc5a12d1c43a2e0932ff10732.jpg
30,24153113,24153115,Điện Thoại Vivo Y12 (64GB/3GB) - Hàng Chính Hãng,2590000,https://salt.tikicdn.com/cache/280x280/ts/product/61/d0/96/a6f967a3a4101411828cf7e2e49e1731.png
31,48309215,55898557,Điện Thoại Samsung Galaxy A01 (16GB/2GB) - Hàng Chính Hãng - Đã Kích Hoạt Bảo Hành Điện Tử,1890000,https://salt.tikicdn.com/cache/280x280/ts/product/5b/d6/a5/c4b9bd7fb598d96e157526e0b4194f00.jpg
32,29454689,29882440,Điện Thoại Samsung Galaxy Note 10 Plus (256GB/12GB) - Hàng Chính Hãng - Đã Kích Hoạt Bảo Hành Điện Tử,15990000,https://salt.tikicdn.com/cache/280x280/ts/product/be/3d/f0/3ef177cecc485b9a9132a87858f0595d.jpg
33,55646154,57782473,Điện Thoại Oppo A92 2020 (8GB/128GB) - Hàng Chính Hãng,5990000,https://salt.tikicdn.com/cache/280x280/ts/product/a3/d9/15/a58e9c2dca556edb0dc73546c3e04959.jpg
34,32648385,32648387,iPad 10.2 Inch WiFi 128GB New 2019 - Hàng Nhập Khẩu Chính Hãng,10390000,https://salt.tikicdn.com/cache/280x280/ts/product/d2/a3/ec/0c53190e0ff39c911e16394cf25c89ae.jpg
35,52063654,53772209,Điện Thoại Samsung Galaxy M21 (64GB/4GB) - Hàng Chính Hãng,5090000,https://salt.tikicdn.com/cache/280x280/ts/product/e9/4d/8c/7f3ca8af28dbf1281892c07f5c34dc25.jpg
36,17510352,17878123,Điện Thoại Oppo A1K - Hàng Chính Hãng,2350000,https://salt.tikicdn.com/cache/280x280/ts/product/4e/58/a7/2ff49ea4d1557e2a5fc63ef84b9309b9.jpg
37,15674844,15674846,Điện Thoại OPPO A5s - Hàng Chính Hãng,2690000,https://salt.tikicdn.com/cache/280x280/ts/product/e0/e9/1d/3e0154ad1c4a9605e81b62ef36e1aead.jpg
38,56027838,56027840,Điện Thoại Samsung Galaxy A21s - Hàng Chính Hãng - Đã Kích Hoạt Bảo Hành Điện Tử,4190000,https://salt.tikicdn.com/cache/280x280/ts/product/51/86/8c/1120b70e34a5c1789c4cf05175ff7914.jpg
39,55584843,57787855,Điện thoại Xiaomi Redmi Note 9 (3GB/64GB) - Hàng Chính Hãng,3690000,https://salt.tikicdn.com/cache/280x280/ts/product/9e/73/b2/996acf29e4ba6c87a948bd40d005c426.png
40,49329240,49329242,Điện Thoại Oppo A31 2020 (4GB/128GB) - Hàng Chính Hãng,3490000,https://salt.tikicdn.com/cache/280x280/ts/product/19/c3/e3/59dfcb0bdb13a1604e5c53385d795158.jpg
41,40639597,35754155,Máy Đọc Sách Kindle Paperwhite Gen 10 - 2019 - Hàng Nhập Khẩu,3090000,https://salt.tikicdn.com/cache/280x280/ts/product/92/2c/e2/7391c4aa1677fcf9fb71e4042d1187d8.jpg
42,53826923,53830730,Điện thoại Xiaomi Redmi 8 (3GB/32GB) - Hàng chính hãng,2390000,https://salt.tikicdn.com/cache/280x280/ts/product/22/e0/40/460467ebc6d00f746df1fb61705dd1f9.jpg
43,51428406,51428408,iPad Pro 11 inch (2020) Wifi - Hàng Nhập Khẩu Chính Hãng,22990000,https://salt.tikicdn.com/cache/280x280/ts/product/99/0e/80/0d691f0c1f224487df609c8aa2fee3ea.jpg
44,56307922,56307924,Điện Thoại Nokia 5.3 (64GB/3GB) - Hàng Chính Hãng,3490000,https://salt.tikicdn.com/cache/280x280/ts/product/02/20/f0/8b1ca528378774ae85ae4d596d7d9f09.jpg
45,12389305,12389307,iPad Mini 5 Wi-Fi 64GB -  Hàng Nhập Khẩu Chính Hãng,9790000,https://salt.tikicdn.com/cache/280x280/ts/product/99/96/a2/9e1b77fe3d8383861f7c1c93de81579f.jpg
46,54446719,54446729,"ĐIỆN THOẠI XIAOMI REDMI NOTE 9S (NGUYÊN SEAL, GLOBAL VERSION) - HÀNG NHẬP KHẨU (CÓ SẴN TIẾNG VIỆT KHÔNG CẦN CÀI ĐẶT)",4490000,https://salt.tikicdn.com/cache/280x280/ts/product/58/24/71/17948a1af4a72b22b08108faac665456.png
47,10761518,53727819,Điện Thoại Mobell S41 - Hàng Chính Hãng,639000,https://salt.tikicdn.com/cache/280x280/ts/product/74/65/5b/6c7559ca0f4fc7165db3c6eae226ecf7.jpg
48,55665054,55665056,Điện Thoại Nokia 150 (2020) -  Hàng Chính Hãng,610000,https://salt.tikicdn.com/cache/280x280/ts/product/93/43/64/23f32c1577c0afca5ee35517e31dfe7b.jpg
49,12417547,12417549,iPad Air 10.5 Wi-Fi 64GB New 2019 - Nhập Khẩu Chính Hãng,12990000,https://salt.tikicdn.com/cache/280x280/ts/product/9f/13/87/0d1dca5b6f328c05620a59caa63bdfec.jpg
50,47475798,51050816,Điện Thoại Samsung Galaxy A71 (128GB/8GB) - Hàng Chính Hãng - Đã Kích Hoạt Bảo Hành Điện Tử,8975000,https://salt.tikicdn.com/cache/280x280/ts/product/94/2f/ae/8308cecfebc32911b38f333d372dadb5.jpg
51,32033383,32033389,Điện Thoại iPhone 11 Pro Max 256GB - Hàng Chính Hãng ,32990000,https://salt.tikicdn.com/cache/280x280/ts/product/5d/3c/d8/62b3e73d288a2c0c73aff58ff414401f.jpg
52,33911924,53991023,Điện Thoại iPhone 11 Pro Max 256GB - Hàng Nhập Khẩu,28799000,https://salt.tikicdn.com/cache/280x280/ts/product/86/db/bc/ba55876127bea308f1ebe65da71caa82.png
53,54023229,54023235,Điện Thoại OPPO RENO 3 (8GB/128GB) - Hàng Chính Hãng,6790000,https://salt.tikicdn.com/cache/280x280/ts/product/20/3c/0d/4443a473a56a1574050914227f5faa2f.jpg
54,36196166,54159847,Điện Thoại Realme 5 (4GB/128GB) - Hàng chính hãng,3490000,https://salt.tikicdn.com/cache/280x280/ts/product/bb/c4/e2/420bdc22858e5b17d3c8ff9e62176e80.jpg
55,36700352,35043488,Điện Thoại iPhone 8 Plus 128GB - Hàng Chính Hãng VN/A,13990000,https://salt.tikicdn.com/cache/280x280/ts/product/b0/39/73/aa015ff37be75f60a07439ddd47310ac.jpg
56,15363972,57053248,Điện Thoại Itel S13 Pro - Hàng Chính Hãng,1090000,https://salt.tikicdn.com/cache/280x280/ts/product/4a/e9/bc/712b8814b6c3931df70f29761eb73e19.jpg
57,34016501,53991351,Điện Thoại iPhone 11 64GB  - Hàng Nhập Khẩu,17599000,https://salt.tikicdn.com/cache/280x280/ts/product/9a/b5/a9/685dcf8857f487cd8632bccf7b8176c9.png
58,57127752,57844450,Điện Thoại Xiaomi Redmi 9 - Hàng Chính Hãng,3090000,https://salt.tikicdn.com/cache/280x280/ts/product/7b/d4/27/0e025466a82691de45df61530b7bf217.png
59,57809866,57809868,Điện thoại Xiaomi Redmi 9A (2GB/32GB) - Hàng chính hãng,1940000,https://salt.tikicdn.com/cache/280x280/ts/product/0c/cd/34/0b6abf38aaba0a3507c7c2610a15dc9f.jpg
60,32243658,32243660,Điện Thoại Samsung Galaxy A50s (64GB/4GB) - Hàng Chính Hãng - Đã Kích Hoạt Bảo Hành Điện Tử,4759000,https://salt.tikicdn.com/cache/280x280/ts/product/15/b3/2e/93b3915aa2d060d1f548a85a70e37612.jpg
61,38210099,38210101,Điện Thoại iPhone 6s Plus 32GB - Hàng Nhập Khẩu Chính Hãng,6990000,https://salt.tikicdn.com/cache/280x280/ts/product/b5/e4/10/304771ed2e80aafaa3711e1170fb1861.jpg
62,37299857,51690164,iPad 10.2 Inch WiFi 32GB New 2019 - Hàng Nhập Khẩu,7949000,https://salt.tikicdn.com/cache/280x280/ts/product/b9/57/9d/aa2c4e2e04e484d68d4f06b008cab643.jpeg
63,12206824,12206828,Điện Thoại Samsung Galaxy S10 Plus (128GB/8GB) - Hàng Chính Hãng - Đã Kích Hoạt Bảo Hành Điện Tử,13990000,https://salt.tikicdn.com/cache/280x280/ts/product/0a/69/19/060b0d6207b6d3f96cb90c2d43709d19.jpg
64,1965487,1965489,Điện Thoại Trẻ Em MKIDS - Hàng Chính Hãng Của Viettel - Chỉ Định Vị Bằng Sim Viettel,330000,https://salt.tikicdn.com/cache/280x280/ts/product/52/97/7e/d2e94323abd70eac0c5220be8dde1996.jpg
65,917986,918878,Điện Thoại iPhone X 256GB - Hàng Nhập Khẩu,15899000,https://salt.tikicdn.com/cache/280x280/ts/product/90/6f/10/61e10c5b20b7631dee5a2bf373751884.jpg
66,6878263,6878267,iPad Pro 11 inch (2018) 64GB Wifi - Hàng Nhập Khẩu Chính Hãng,18990000,https://salt.tikicdn.com/cache/280x280/ts/product/3e/59/92/255085a2b9fe9c285cde56eea1d2c6c6.jpg
67,48611779,48611781,Điện Thoại Realme 5i - Hàng Chính Hãng,2990000,https://salt.tikicdn.com/cache/280x280/ts/product/73/1a/cc/367b0ec9bb85c86fce93d0f1520ba158.jpg
68,14470707,55994647,Điện Thoại Vivo Y91C - Hàng Chính Hãng,2090000,https://salt.tikicdn.com/cache/280x280/ts/product/7d/b4/bb/e0af64c42a91e6e7f51dfe13ae795694.jpg
69,14507169,17616548,Máy Đọc Sách All New Kindle 2019 (10th) – Hàng Chính Hãng,2199000,https://salt.tikicdn.com/cache/280x280/ts/product/16/b4/f9/8fe857a1ff126b7979a0ddc34ec8e400.jpg
70,48886497,47510588,Điện Thoại Samsung Galaxy S20 Ultra - Hàng Chính Hãng,28490000,https://salt.tikicdn.com/cache/280x280/ts/product/f7/26/32/81c7b673ecd715972068252dd9b5befb.jpg
71,48886151,49516813,Điện Thoại Samsung Galaxy S20 - Hàng Chính Hãng,17990000,https://salt.tikicdn.com/cache/280x280/ts/product/86/67/e8/cd84a14503c2c0fa84301ca81e11383d.jpg
72,55248506,55248508,Điện thoại Xiaomi Redmi Note 9 (4GB/128GB) - Hàng chính hãng,4290000,https://salt.tikicdn.com/cache/280x280/ts/product/c5/0e/a9/eafc43438146a0aa4b5d4c40e719324e.jpg
73,15663039,15663700,Điện Thoại Nokia 3.2 (3GB/32GB) - Hàng Chính Hãng,2490000,https://salt.tikicdn.com/cache/280x280/ts/product/d6/6d/e5/d1e3294a792ecae0eab403f39ea317b0.jpg
74,51326736,51326738,Điện Thoại Nokia 5310 (2020) - Hàng Chính Hãng,935000,https://salt.tikicdn.com/cache/280x280/ts/product/de/fb/0b/86835d62ee7e8567fdca4d5c9dfdb2b3.jpg
75,4538877,4538881,Điện Thoại iPhone XS 64GB - Hàng Nhập Khẩu Chính Hãng,17990000,https://salt.tikicdn.com/cache/280x280/ts/product/15/c2/17/9f3506c9cf797eee3935d224b37aa4ef.jpg
76,648112,841994,Điện thoại Nokia 3310 Dual Sim - Hàng Chính Hãng,950000,https://salt.tikicdn.com/cache/280x280/media/catalog/product/3/3/3310-dark-blue.u2409.d20170519.t102151.266309_2.jpg
77,54609695,58461438,Điện thoại Xiaomi Mi Note 10 Lite - Hàng Chính Hãng,8990000,https://salt.tikicdn.com/cache/280x280/ts/product/a2/4e/eb/01b79365e2eaae8f0a9b1c91e8b422dd.png
78,35729872,35729878,Điện Thoại OPPO Reno 2F - Hàng Chính Hãng,6390000,https://salt.tikicdn.com/cache/280x280/ts/product/49/36/42/d07b90a4ed682151c7fa976ea13fb33a.jpg
79,14917752,7503475,Điện Thoại iPhone XS Max 64GB - Hàng Nhập Khẩu,17499000,https://salt.tikicdn.com/cache/280x280/ts/product/51/1f/49/fd5512214e0eac9b1a057409657f2404.jpg
80,44241660,44241662,Điện Thoại Nokia 2.3 (32GB/2GB) - Hàng Chính Hãng,2190000,https://salt.tikicdn.com/cache/280x280/ts/product/70/bc/f8/1a4dd9135851c9b0224478d9a3b52c67.jpg
81,9984235,40854699,Điện thoại Smartphone Masstel X6 - Hàng Chính Hãng,1290000,https://salt.tikicdn.com/cache/280x280/ts/product/fc/c3/54/b2913ba3448ebb24aad1189ccaeea2b9.jpg
82,25918805,25918807,Điện Thoại Samsung Galaxy A10s (32GB/2GB) - Hàng Chính Hãng,2650000,https://salt.tikicdn.com/cache/280x280/ts/product/42/78/f1/a48bad4693c5b0bbd38b5b395efd2417.jpg
83,34942635,34942637,Điện Thoại Nokia 110 Dual Sim (2019) - Hàng Chính Hãng,450000,https://salt.tikicdn.com/cache/280x280/ts/product/60/07/34/d8021ecb194f62711f03f5ae7893dd54.jpg
84,48886153,47514317,Điện Thoại Samsung Galaxy S20 Plus - Hàng Chính Hãng,22590000,https://salt.tikicdn.com/cache/280x280/ts/product/74/31/d4/ef6c56084ae897dbb911cfe2e6cf1ed7.jpg
85,33928555,53991107,Điện Thoại iPhone 11 Pro Max 64GB  - Hàng  Nhập Khẩu,26399000,https://salt.tikicdn.com/cache/280x280/ts/product/09/75/89/539dab36b70ad85bffc66a9dee6b8dee.png
86,4048043,54002656,Điện Thoại Bàn Panasonic KX-TS500 - Hàng Chính Hãng,223000,https://salt.tikicdn.com/cache/280x280/ts/product/bc/fd/a9/201706afcdb64cdbfc4f79087191ffbf.jpg
87,7184855,15308263,Máy Tính Bảng Kindle Fire HD8 (8th) 16GB (2019) - Hàng Chính Hãng,1699000,https://salt.tikicdn.com/cache/280x280/ts/product/42/8b/3c/7e5b8c460fe4446ab529b8d7516a7821.jpg
88,33815238,49270533,Điện Thoại iPhone 11 Pro 64GB - Hàng Nhập Khẩu ,23799000,https://salt.tikicdn.com/cache/280x280/ts/product/09/62/7f/6782317e4a575bc6f94501a997191d38.png
89,53827214,53827216,Điện Thoại Oppo A12 (3GB/32GB) - Hàng Chính Hãng - Xanh Dương,2490000,https://salt.tikicdn.com/cache/280x280/ts/product/6a/f6/38/7e8633ce182e768b1c5919979230b1f9.jpg
90,54913203,57606355,Điện Thoại Samsung Galaxy A11 (32GB/3GB) - Hàng Chính Hãng - (Đã kích hoạt bảo hành điện tử),2850000,https://salt.tikicdn.com/cache/280x280/ts/product/de/4a/40/419d53930d761156d7826b99f14518fe.jpg
91,34478313,34478317,Điện Thoại Oppo A5 ( 4GB/128GB) - Hàng Chính Hãng,3950000,https://salt.tikicdn.com/cache/280x280/ts/product/fb/d8/59/4734a2d9f937b12de37a453da1b6c74d.jpg
92,52347882,52347886,Điện thoại Mobell C310 - Hàng chính hãng,188000,https://salt.tikicdn.com/cache/280x280/ts/product/17/a0/94/2bc2bc8d82f4917868f8932379de5816.png
93,54711313,54711315,Điện Thoại Samsung Galaxy A31 (128GB/6GB) - Hàng Chính Hãng - Đã Kích Hoạt Bảo Hành Điện Tử,4990000,https://salt.tikicdn.com/cache/280x280/ts/product/d4/a3/d5/111941d63aaffd468854f4b166ca89b9.jpg
94,599716,712589,Apple iPhone 7 32GB - Hàng Nhập Khẩu,15000000,https://salt.tikicdn.com/cache/280x280/ts/product/1b/29/07/c5ae7094c9e669eae496d10e4c9b1bbb.jpg
95,37694867,52153046,Điện thoại Vivo Y11 - Hàng chính hãng,2599000,https://salt.tikicdn.com/cache/280x280/ts/product/45/ab/eb/0f004c7c236b9a01d080351cd1ed827a.jpg
96,28623307,48944183,Máy Đọc Sách Kindle Gen 10 - 2019 (4GB) - Hàng Nhập Khẩu,2240000,https://salt.tikicdn.com/cache/280x280/ts/product/11/03/ca/2af2ea0d7bc77094025669a7ce966003.jpg
97,53135819,53142450,Điện Thoại iPhone SE 128G ( 2020) - Hàng Chính Hãng,12790000,https://salt.tikicdn.com/cache/280x280/ts/product/4f/67/b2/fa74f50daf52b938d511792d1448499b.jpg
98,32453719,48221483,Điện Thoại Vsmart Joy 2+ (Hàng Chính Hãng),2790000,https://salt.tikicdn.com/cache/280x280/ts/product/33/46/d7/edc8f0c64bf212316769979461ba630f.jpg
99,50304588,50304592,Điện Thoại Samsung Galaxy S20 Ultra - Đã Kích Hoạt Bảo Hành Điện Tử,23590000,https://salt.tikicdn.com/cache/280x280/ts/product/f7/26/32/0f926b24859bac649eef74558b0e376e.jpg
100,53097934,53097936,Điện Thoại Nokia  C2  - Hàng Chính Hãng,1350000,https://salt.tikicdn.com/cache/280x280/ts/product/60/6b/41/cb2a53603eb28ec0473d9fd2c2050b94.jpg
101,53398913,53406597,Điện Thoại iPhone 6s Plus 128GB - Hàng Nhập Khẩu Chính Hãng,7990000,https://salt.tikicdn.com/cache/280x280/ts/product/c7/ee/ee/628d65069cce3b8ce9f5da6a80074786.jpg
102,35964172,36440578,Điện Thoại Xiaomi Redmi Note 8 Pro (6GB/64GB) - Hàng chính hãng,4990000,https://salt.tikicdn.com/cache/280x280/ts/product/04/bd/bd/d34331366bc19834530583bf97fe7123.jpg
103,52341154,52341156,Điện Thoại  Realme 6 ( 4GB/128GB)- Hàng Chính Hãng,5490000,https://salt.tikicdn.com/cache/280x280/ts/product/ad/f7/42/d8e87e3ed9f432e0e1ad528860cbc70c.jpg
104,13292623,13292625,Điện Thoại Realme 3 - Hàng Chính Hãng,2790000,https://salt.tikicdn.com/cache/280x280/ts/product/49/50/1b/1e9406f9b4bda6e261062025cdda17d0.jpg
105,3666899,52081569,Điện Thoại Di Động GSM ZONO N8110 1.8inch – Hàng Nhập Khẩu,149000,https://salt.tikicdn.com/cache/280x280/ts/product/83/d2/f7/1d1c2828ba8a4f130ab4e394da551284.jpg
106,916706,918814,Điện Thoại iPhone 8 64GB - Hàng Nhập Khẩu,19000000,https://salt.tikicdn.com/cache/280x280/media/catalog/product/1/_/1.u4939.d20170918.t063904.533685.jpg
107,22356225,22356228,Điện Thoại Samsung Galaxy Note 10 (256GB/8GB) - Hàng Chính Hãng,21590000,https://salt.tikicdn.com/cache/280x280/ts/product/ff/1b/cc/7bfc520143393ade5c76480b679f3868.jpg
108,22358908,24182393,Điện Thoại Samsung Galaxy Note 10 Plus (256GB/12GB) - Hàng Chính Hãng,25450000,https://salt.tikicdn.com/cache/280x280/ts/product/be/3d/f0/8cf68986781b515046e4bfd4ec00159e.jpg
109,4538661,4540179,Điện Thoại iPhone XS Max 64GB - Nhập Khẩu Chính Hãng,18990000,https://salt.tikicdn.com/cache/280x280/ts/product/4d/42/b9/63bc496eae758b107b36c07fed4655aa.jpg
110,29931445,29931449,"Ulefone Armor X ( chống nước,chống va đập,pin 5.000mAh ) hàng chính hãng",2990000,https://salt.tikicdn.com/cache/280x280/ts/product/39/27/ce/6f7748ef115f91e3664d413aed62cba1.jpg
111,35729879,35729883,Điện Thoại OPPO Reno 2  - Hàng Chính Hãng,9490000,https://salt.tikicdn.com/cache/280x280/ts/product/5d/2f/9f/9692e8e16c21f9c4ad044355c7bf5e56.jpg
112,48653991,48653993,Điện Thoại Realme 5s (4GB/128GB) - Hàng Chính Hãng,3750000,https://salt.tikicdn.com/cache/280x280/ts/product/37/72/e8/235a6a7568b7c49c127e484642ef39df.jpg
113,10689868,53453725,Điện Thoại Di Động Blackberry Evolve - Hàng chính hãng,4390000,https://salt.tikicdn.com/cache/280x280/ts/product/ff/87/f4/af1e5176f7bd2f154481831dc3d0cf72.jpg
114,34455577,34455580,Máy Tính Bảng Samsung Galaxy Tab 10.1 2019 T515 - Hàng Chính Hãng (Đã Kích Hoạt) Bảo Hành 12 Tháng,6250000,https://salt.tikicdn.com/cache/280x280/ts/product/2f/ce/97/e48a17f1a7e088c2f30f59510bae5155.jpg
115,49722512,54693688,Điện thoại Energizer E241S - Hàng  Chính Hãng,846000,https://salt.tikicdn.com/cache/280x280/ts/product/15/70/24/4e3f34d7ea912fea95ab0982e095a14f.png
116,47475765,47475770,Điện Thoại Samsung Galaxy A71 (128GB/8GB) - Hàng Chính Hãng,9890000,https://salt.tikicdn.com/cache/280x280/ts/product/8b/05/5c/3d407c58a69cc71ccc9f8735dad1b86e.jpg
117,17510219,17878120,Điện Thoại Oppo Reno 10x Zoom Edition - Hàng Chính Hãng,10990000,https://salt.tikicdn.com/cache/280x280/ts/product/eb/22/95/7a2785a056c10e1dcad2e3aa9126dbe7.jpg
118,29418235,39312520,Điện Thoại Samsung Galaxy Note 10 (256GB/8GB) - Hàng Chính Hãng - Đã Kích Hoạt Bảo Hành Điện Tử,14995000,https://salt.tikicdn.com/cache/280x280/ts/product/fa/ae/22/0cd335956743a0ed383af16d3c9f3fe3.jpg
119,40343230,40343237,Điện thoại di động GSM Vtel A1 - Hàng chính hãng,159000,https://salt.tikicdn.com/cache/280x280/ts/product/ee/1d/43/695b81612867242bf1f4e4742e4e2ce8.png
120,33996665,53991217,Điện Thoại iPhone 11 128GB  - Hàng Nhập Khẩu,18799000,https://salt.tikicdn.com/cache/280x280/ts/product/5e/e4/b6/bdefd92f153e7f89d1af0e9a5b25d97a.png
121,4539483,4540137,Điện Thoại iPhone XS Max 256GB - Nhập Khẩu Chính Hãng,23990000,https://salt.tikicdn.com/cache/280x280/ts/product/32/b2/d6/91eb335efb59729acadc3bfe260c584b.jpg
122,20867711,20867715,Khăn Treo Tường Trang Trí Nhà Cửa - Size Bé - 130 x 150 cm,160000,https://salt.tikicdn.com/cache/280x280/ts/product/76/12/29/31668d66863fdc009d7caa03eb80feae.jpg
123,50066823,50066825,Điện Thoại Samsung Galaxy S20 - Hàng Chính Hãng - Đã Kích Hoạt,13690000,https://salt.tikicdn.com/cache/280x280/ts/product/43/c0/fb/7cb965009c1311d45507d8e1553cd98b.jpg
124,54431581,54431583,iPad 10.2 Inch WiFi 32GB New 2019 - Hàng  Chính Hãng,8750000,https://salt.tikicdn.com/cache/280x280/ts/product/3b/3a/31/3e59cf4b36e07b40cae875e3e7be9142.jpg
125,43924153,43924157,Máy đọc sách Kindle Oasis 3 (2019) - Amazon - Hàng nhập khẩu,7860000,https://salt.tikicdn.com/cache/280x280/ts/product/19/d8/84/c17e246b1e3c9d5d9ffdb0e31514f9be.jpg
126,52675312,53991426,iPad Pro 11 inch Wifi 2020 - Hàng Nhập Khẩu ,22599000,https://salt.tikicdn.com/cache/280x280/ts/product/16/95/56/cb0a9390cc3a40b6bd023e63bb839b06.jpg
127,12628815,12628817,Điện Thoại Nokia 210 - Hàng Chính Hãng,720000,https://salt.tikicdn.com/cache/280x280/ts/product/fd/fe/f7/16bb69e0bbbe97591e7579039bc62038.jpg
128,14500261,58271210,Điện Thoại Mobell S47 - Hàng Chính Hãng,679000,https://salt.tikicdn.com/cache/280x280/ts/product/de/ba/b9/7ad5c4cfac9da2def78781bd0fb67b32.jpg
129,53514080,53514082,Điện Thoại iPhone SE 64GB ( 2020) - Hàng NHập Khẩu,10549000,https://salt.tikicdn.com/cache/280x280/ts/product/3f/d8/da/de6d50aec5f8828eb1d421cb7cce1e35.PNG
130,56025835,56434972,Điện Thoại Samsung Galaxy A21s - Hàng Chính Hãng,4090000,https://salt.tikicdn.com/cache/280x280/ts/product/51/86/8c/91a7fac99834e02a711ddd58edd20f5b.jpg
131,6714339,6714347,Điện thoại Wiko View Max (3GB/32GB) - Hàng chính hãng ,1990000,https://salt.tikicdn.com/cache/280x280/ts/product/83/d9/5f/e3845212046e2ebb641cfd17e3adba18.png
132,32021887,32036157,Điện Thoại iPhone 11 Pro 64GB - Hàng Nhập Khẩu Chính Hãng ,26490000,https://salt.tikicdn.com/cache/280x280/ts/product/3b/a0/1d/709417e65ec63ad0383c603dae2cea3d.jpg
133,7037139,58863536,Điện thoại Itel S13 Pro - Hàng chính hãng ,1790000,https://salt.tikicdn.com/cache/280x280/ts/product/ad/4f/89/b895c2fba0cce444bc11cc5054214524.jpg
134,54438922,54438924,iPad 10.2 Inch WiFi 128GB New 2019 - Hàng  Chính Hãng,10990000,https://salt.tikicdn.com/cache/280x280/ts/product/3b/3a/31/e8427eadd38a5bf34ca9e4040b2e86c8.jpg
135,49104929,49104932,Máy tính bảng Samsung Galaxy Tab S6 10.5 ( 128GB/6GB) Tặng kèm Bao da kiêm bàn phím - Hàng Chính Hãng - Đã Kích Hoạt Bảo Hành Điện Tử,16290000,https://salt.tikicdn.com/cache/280x280/ts/product/42/87/6a/37637950a902e34584713ad0959e8333.jpg
136,52342728,52342730,Điện Thoại  Realme 6 PRO (8GB/128G) - Hàng Chính Hãng,7290000,https://salt.tikicdn.com/cache/280x280/ts/product/1d/53/fd/b5bae20f7923f70f73628459114f4520.jpg
137,52341139,52341141,Điện Thoại  Realme 6 ( 8GB/128GB)- Hàng Chính Hãng,6490000,https://salt.tikicdn.com/cache/280x280/ts/product/7a/c3/58/a1689b67eeebbc4f7d0c68c5c205d6b6.jpg
138,23258088,23258090,Máy Tính Bảng Samsung Galaxy Tab A8 8,3050000,https://salt.tikicdn.com/cache/280x280/ts/product/05/f4/a0/44825255380141f1f27c8064e75f4820.jpg
139,12421267,12421269,iPad Mini 5 Wi-Fi 256GB - Hàng Nhập Khẩu Chính Hãng,13990000,https://salt.tikicdn.com/cache/280x280/ts/product/99/96/a2/3e0bf86d858082d50e7931a60a91c69d.jpg
140,52400151,52400153,Điện Thoại Oppo A31 2020 (6GB/128GB) - Hàng Chính Hãng,4090000,https://salt.tikicdn.com/cache/280x280/ts/product/93/86/a9/75672db1dc8734f098ebd5a3e41ce0be.jpg
141,48653976,48653978,Điện Thoại Realme XT (8GB/128GB) - Hàng Chính Hãng,5490000,https://salt.tikicdn.com/cache/280x280/ts/product/16/93/82/472130aa2dd9699c87c85f8c7ee894b8.jpg
142,54058645,54058789,Điện Thoại Realme 6I (4GB/128G) - Hàng Chính Hãng ,4490000,https://salt.tikicdn.com/cache/280x280/ts/product/c9/76/b6/ffe1ddcf5d147a8f36d1e1900c862d68.jpg
143,40744962,47271147,Điện Thoại Masstel Happy 10 - Hàng Chính Hãng,990000,https://salt.tikicdn.com/cache/280x280/ts/product/3d/8e/58/045622233cda9845a6ba8c3cefedfd42.jpg
144,26487851,46233209,Điện Thoại Masstel F50 - Hàng Chính Hãng,399000,https://salt.tikicdn.com/cache/280x280/ts/product/b4/a6/2d/16bd4de2c3d9c71b0aaf49740f3055ec.jpg
145,20578042,50304516,Máy Đọc Sách Onyx Boox Nova Pro - Đen - Hàng Chính Hãng,6290000,https://salt.tikicdn.com/cache/280x280/ts/product/f1/75/42/d9bc6716b158a5efcc482e85956c21d7.jpg
146,29396058,34259311,Điện Thoại Samsung Galaxy A10s (32GB/2GB) - Hàng Chính Hãng - Đã Kích Hoạt Bảo Hành Điện Tử,2750000,https://salt.tikicdn.com/cache/280x280/ts/product/42/78/f1/d55d71e71fc7d775789f40c788c7744e.jpg
147,713247,742609,Điện Thoại Suntek Nomu U1 - Hàng Chính Hãng,999000,https://salt.tikicdn.com/cache/280x280/media/catalog/product/u/f/ufz1382930710.u2769.d20170710.t143351.670672_1.jpg
148,33802447,42413088,Điện Thoại iPhone 11 Pro 256GB - Hàng Nhập Khẩu ,27999000,https://salt.tikicdn.com/cache/280x280/ts/product/01/25/52/a8c0c404f14427c85dcceaa1c3219318.png
149,37299479,55797578,iPad Mini 5 Wi-Fi 64GB - Hàng Nhập Khẩu,9370000,https://salt.tikicdn.com/cache/280x280/ts/product/1d/43/81/5fd22dd7b5121ce2abadb0883d11e953.jpg
150,54700224,54887590,Điện Thoại Samsung Galaxy A31 (128GB/6GB) - Hàng Chính Hãng,5290000,https://salt.tikicdn.com/cache/280x280/ts/product/d4/a3/d5/58f3f8de4d2c12008915447874f99551.jpg
151,17510512,17878118,Điện Thoại Oppo Reno - Hàng Chính Hãng,7690000,https://salt.tikicdn.com/cache/280x280/ts/product/d0/27/5c/15baf330ea4ef7f5cf5eaf79325833dc.jpg
152,53654257,54568274,Máy Tính Bảng Samsung Galaxy Tab S6 Lite (SM-P615N) - Hàng Chính Hãng,8990000,https://salt.tikicdn.com/cache/280x280/ts/product/d1/e5/30/293c86afbc9494950fd6ada93bb330b5.jpg
153,32648364,32648372,iPad 10.2 Inch WiFi/Cellular 32GB New 2019 - Hàng Nhập Khẩu Chính Hãng,11490000,https://salt.tikicdn.com/cache/280x280/ts/product/af/0d/2b/a37621d65ea117b1b430124c605fb47c.jpg
154,55518608,55518614,Điện Thoại Smartphone DXD 20Pro Hàng Chính Hãng,1090000,https://salt.tikicdn.com/cache/280x280/ts/product/c8/66/8e/1a529bbb3a75378b4da6c098e4245ae1.jpg
155,177294,588494,Điện Thoại Nokia 230 Dual SIM - Hàng Chính Hãng,1169000,https://salt.tikicdn.com/cache/280x280/media/catalog/product/d/e/denbac_1.u2751.d20170317.t175301.311371.jpg
156,49722374,52874186,Điện thoại Energizer E12 - Hàng Chính Hãng,269000,https://salt.tikicdn.com/cache/280x280/ts/product/9c/e6/10/3e4b6a29df3f5f0bba4ab5dfc2baed35.png
157,52729063,52729064,Điện thoại Black shark 3 (8GB/128GB) - Hàng Nhập Khẩu,11500000,https://salt.tikicdn.com/cache/280x280/ts/product/eb/c4/a3/d11afe0ffcb56ee10bf5a3e83b207ff1.png
158,54637084,54637089,Điện thoại Energizer Power Max P20 kiêm sạc dự phòng - Hàng chính hãng,561000,https://salt.tikicdn.com/cache/280x280/ts/product/c8/cb/2a/d52fa4ec54844c260e2906e8c6957a30.jpg
159,35059800,35262913,Điện Thoại Nokia 800 Tough (2019) - Hàng Chính Hãng,1990000,https://salt.tikicdn.com/cache/280x280/ts/product/b3/02/f5/a199f1f686a103faffb8146500d092ec.jpg
160,11251951,54693736,Điện thoại bàn không dây Panasonic KX-TGB110-Hàng Chính Hãng,589000,https://salt.tikicdn.com/cache/280x280/ts/product/7f/27/33/3d7be765dcdfd3c03ae0883b92ce0ff6.jpg
161,11254535,25155751,Máy Đọc Sách Kindle Paperwhite Gen 10 -  Hàng Mỹ,3690000,https://salt.tikicdn.com/cache/280x280/ts/product/09/43/67/d9328c0f1406fc13d3d1175fa33bd14f.jpg
162,14763849,6024117,Điện Thoại iPhone XS Max 256GB - Hàng Nhập Khẩu,19799000,https://salt.tikicdn.com/cache/280x280/ts/product/97/7d/7d/4cda8bebe2d4923f87dfebde333ca6ce.jpg
163,32937961,47269252,Máy Tính Bảng Masstel Tab 10 Pro - Hàng Chính Hãng,2290000,https://salt.tikicdn.com/cache/280x280/ts/product/8e/48/ef/102d14bbd0f449afe0a27ea1cd73cc2a.JPG
164,3488237,3488241,Máy Tính Bảng Kindle Fire HD8 16GB (2017) - Hàng Chính Hãng,1590000,https://salt.tikicdn.com/cache/280x280/ts/product/3a/1e/c0/edca93aa24caabde1c8702627baaef57.jpg
165,39658607,39658609,Điện Thoại Wiko View 3 Lite (2GB/32GB) - Hàng chính hãng,2190000,https://salt.tikicdn.com/cache/280x280/ts/product/a5/66/24/dc0ad2ee97b8c3c4ffb100a28a4037f7.jpg
166,35965073,44979831,Điện Thoại Xiaomi Redmi Note 8 Pro (6GB/128GB) - Hàng chính hãng,5790000,https://salt.tikicdn.com/cache/280x280/ts/product/30/19/ee/ec62a42c86173b9a7b4805b0a4246ffe.jpg
167,11802138,11802140,Điện thoại bàn Không Dây Lắp Sim Homephone Hp1002c,850000,https://salt.tikicdn.com/cache/280x280/ts/product/7e/2c/41/e400dd89007c28f526f0cb336f7e1453.png
168,49717346,56090917,Điện thoại Xiaomi Redmi 8 (3GB/32GB) - Hàng Chính Hãng - Đen,2580000,https://salt.tikicdn.com/cache/280x280/ts/product/3d/29/fa/660d19254a270ae48abb0acf3a6f567d.jpg
169,53827217,53827221,Điện Thoại Oppo A12 (4GB/64GB) - Hàng Chính Hãng,2990000,https://salt.tikicdn.com/cache/280x280/ts/product/6a/f6/38/6e68f04cceeb9e87c301d6d58dc434a3.jpg
170,56116696,56116700,Điện thoại Xiaomi Redmi Note 9 (3GB/64GB) - Hàng Chính Hãng + Cục Sạc Dự Phòng Xiaomi PB 10.000mah,3990000,https://salt.tikicdn.com/cache/280x280/ts/product/9e/73/b2/2e97f0c5c2f87646a32e22e6e8664687.png
171,54632975,54632976,Điện thoại Energizer E20 -Hàng Chính Hãng,605000,https://salt.tikicdn.com/cache/280x280/ts/product/bc/bc/10/92853a3c0b6c9d83183296363691a3a6.jpg
172,1985993,1986001,Điện thoại trẻ em MKIDS - Hàng chính hãng của Viettel,400000,https://salt.tikicdn.com/cache/280x280/ts/product/98/9d/6a/664ae40c42aa90c21512031f8da85fef.png
173,20560292,13600732,Máy Tính Bảng Kindle Fire HD8 (8th) 16GB (2019) - Hàng Nhập Khẩu,1699000,https://salt.tikicdn.com/cache/280x280/ts/product/e3/7a/b8/25cfe111ea25330fc38e22cbfbf446cf.jpg
174,6388491,53454291,Điện Thoại Blackberry Key2 LE - Hàng Chính Hãng,6990000,https://salt.tikicdn.com/cache/280x280/ts/product/7d/9f/ae/c7513dc8f598da1877ce727702939bf7.jpg
175,32648374,32648380,iPad 10.2 Inch WiFi/Cellular 128GB New 2019 - Hàng Nhập Khẩu Chính Hãng,13990000,https://salt.tikicdn.com/cache/280x280/ts/product/da/f3/46/66f075fef0b89229813188583b1588dc.JPG
176,23105940,55890014,Điện Thoại Itel IT2163 - Hàng Chính Hãng,209000,https://salt.tikicdn.com/cache/280x280/ts/product/25/9b/13/dfc8d9fad14df4e1475931287e799789.jpg
177,54028954,54028956,Điện Thoại OPPO RENO 3 Pro (8GB/256GB) - Hàng Chính Hãng,10490000,https://salt.tikicdn.com/cache/280x280/ts/product/34/b8/e7/0377d91e4e30c48bdd1577ba128ca3be.jpg
178,11213994,20771085,Điện Thoại Bàn Panasonic KX-TS500MX - Hàng Chính Hãng,233697,https://salt.tikicdn.com/cache/280x280/ts/product/a0/d0/a5/31bb064b8bc95cfc1052d1266cacdb0f.jpg
179,55726714,55726716,Điện Thoại Xiaomi Poco Phone F2 Pro - Hàng Chính Hãng,12490000,https://salt.tikicdn.com/cache/280x280/ts/product/2b/26/24/edb0e9fe6a809aa645cb354972050045.png
180,39033996,39033998,Điện Thoại Vivo Y19 (128GB/6GB) - Hàng Chính Hãng,4390000,https://salt.tikicdn.com/cache/280x280/ts/product/45/21/89/56d69525bed8ba97d37cb0ec28109d50.jpg
181,11251743,49302156,Điện thoại bàn không dây Panasonic KX-TGB112 - Hàng Chính Hãng,895000,https://salt.tikicdn.com/cache/280x280/ts/product/d9/11/02/53e2a52bae219c2e65dbf58151d0bb01.jpg
182,28624284,35277253,Máy Đọc Sách Kindle PaperWhite Gen 10 - 2019 (32GB) - Hàng Nhập Khẩu,3669000,https://salt.tikicdn.com/cache/280x280/ts/product/78/e8/24/d61655bf0f74b97a7ac7b50c23eae949.jpg
183,49541097,52874139,Điện thoại Energizer E100 -Hàng  Chính Hãng,466000,https://salt.tikicdn.com/cache/280x280/ts/product/98/25/89/eb16c85cd762e6a276774d5678ec3cdf.jpg
184,42704545,48998949,Điện Thoại OPPO A5 2020 (64GB/3GB) - Hàng Chính Hãng,3550000,https://salt.tikicdn.com/cache/280x280/ts/product/fb/d8/59/1e8382cbe565f0b5348325677136ee5c.jpg
185,13861313,58178533,Điện Thoại Mobell Rock1- Hàng Chính Hãng,299000,https://salt.tikicdn.com/cache/280x280/ts/product/29/51/45/0ffb80dd126a297c0aebba29bea13d00.jpg
186,44106461,48725462,Máy Đọc Sách Kindle Gen 10 (2019) - Hàng Nhập Khẩu - Màu Trắng,2200000,https://salt.tikicdn.com/cache/280x280/ts/product/a1/da/9e/0adff804db5682c8f59067ca469f678c.jpg
187,33139534,33139538,Combo Điện Thoại Black Shark 2 Pro Quốc Tế (8GB/128GB) + Tay Cầm Trái Black Shark 2.0 - Hàng Chính Hãng,11700000,https://salt.tikicdn.com/cache/280x280/ts/product/9d/53/4b/d8626a4887bc63f8592ec929dca47021.jpg
188,2130371,47269317,Điện Thoại Masstel iZi 100 - Hàng Chính Hãng,189000,https://salt.tikicdn.com/cache/280x280/ts/product/10/a8/a2/e537efe2abc61fa1745b74737a4cd876.jpg
189,12395649,12395651,iPad Mini 5 Wi-Fi + Cellular 64GB - Hàng Nhập Khẩu Chính Hãng,13990000,https://salt.tikicdn.com/cache/280x280/ts/product/99/96/a2/725f59ff730342f14377971619a017f0.jpg
190,48484050,50219195,Điện thoại Mobell C106 - Hàng chính hãng,149000,https://salt.tikicdn.com/cache/280x280/ts/product/d2/28/9a/a3e7724b4ba5a881e69c7627f3808094.png
191,15224447,15224451,Máy Tính Bảng Samsung Galaxy Tab A 8 Plus P205N 2019 - Hàng Chính Hãng,6790000,https://salt.tikicdn.com/cache/280x280/ts/product/58/35/3d/1b3724f9c90a90e4f91f7f60ab116088.jpg
192,4048581,54001537,Điện Thoại Bàn Panasonic KX-TSC11 - Hàng Chính Hãng,448000,https://salt.tikicdn.com/cache/280x280/ts/product/1e/d0/02/a1ddac9b56a2df5a4e1aa925eab04a22.jpg
193,9727985,9727987,Điện thoại di động Forme D777 - Hàng Chính Hãng,399000,https://salt.tikicdn.com/cache/280x280/ts/product/50/41/6b/6c87ec6482444b2be1b133a01489a0a9.jpg
194,29964500,53704699,Điện Thoại Samsung Galaxy A50s (64GB/4GB) - Hàng Chính Hãng,5290000,https://salt.tikicdn.com/cache/280x280/ts/product/15/b3/2e/93b3915aa2d060d1f548a85a70e37612.jpg
195,37302994,12281106,iPad Pro 11 inch (2018) 256GB Wifi - Hàng Nhập Khẩu,18999000,https://salt.tikicdn.com/cache/280x280/ts/product/df/89/46/55e7c4b53b301216afc34d34ac609576.jpg
196,56363285,56363287,Điện thoại Vivo Y30 (4GB/128GB) - Hàng chính hãng,4490000,https://salt.tikicdn.com/cache/280x280/ts/product/db/60/9f/4fef573a54f8c8bad139f81a256158ed.jpg
197,12410986,12410991,iPad Air 10.5 WiFi + Cellular 256GB New 2019 -  Nhập Khẩu Chính Hãng,17990000,https://salt.tikicdn.com/cache/280x280/ts/product/90/5b/a7/b7e781dfd5559f14d1749ab94232b536.jpg
198,6598039,15194222,Máy đọc sách Kindle PaperWhite 2018 gen 4 (10th) - Bản 32 GB - Hàng chính hãng,3399000,https://salt.tikicdn.com/cache/280x280/ts/product/be/f2/ba/7c5e015111d8a91615f60b4d5194a9b1.jpg
199,44147702,44147704,Điện Thoại Vivo S1 Pro (8GB/128GB) - Hàng chính hãng,6090000,https://salt.tikicdn.com/cache/280x280/ts/product/1b/da/e7/e27726c423d4ba5b50ecf9c6f781499d.jpg
200,6878303,6878307,iPad Pro 11 inch (2018) 256GB Wifi Cellular - Nhập Khẩu Chính Hãng,23990000,https://salt.tikicdn.com/cache/280x280/ts/product/3e/59/92/fdafe5286cdfc771a699fd5da427584b.jpg
201,11251770,52328492,Điện thoại bàn không dây Panasonic KX-TGD310 - Hàng Chính Hãng,978000,https://salt.tikicdn.com/cache/280x280/ts/product/c7/a1/73/79e54ec11e29656703784d7ad6eeae22.jpg
202,30191778,58196338,Điện Thoại Bàn Panasonic KX-T7700X - Hàng Chính Hãng,278000,https://salt.tikicdn.com/cache/280x280/ts/product/da/39/55/a2eed17459b10b0511d660e14263cd41.jpg
203,6878273,6878277,iPad Pro 11 inch (2018) 256GB Wifi - Hàng Nhập Khẩu Chính Hãng,22490000,https://salt.tikicdn.com/cache/280x280/ts/product/3e/59/92/f8c7ea91a0ceb0dd856fbaa715e292ff.jpg
204,52675635,53750240,iPad Pro 12.9 inch (2020) Wifi - Hàng Nhập Khẩu,33399000,https://salt.tikicdn.com/cache/280x280/ts/product/16/95/56/bedf64c760859ac6dccdf7ca929685e8.jpg
205,47994410,47994414,"Điện thoại Forme Duos 1900, màn hình 2.8inch, pin 1900mAh, font chữ lớn - Phân phối chính hãng",310000,https://salt.tikicdn.com/cache/280x280/ts/product/2c/b4/57/1b0aa9dff9ade76457d140efc691bb43.jpg
206,23285218,48274301,Điện Thoại Mobell C206 - Hàng Chính Hãng,179000,https://salt.tikicdn.com/cache/280x280/ts/product/03/e3/68/8c53bd8573f5831c3d0dadc7c5933c6b.jpg
207,43865002,43865004,Máy đọc sách Amazon Kindle Oasis 2 - dung lượng 32gb - Chính hãng Amazon - Hàng nhập khẩu,5650000,https://salt.tikicdn.com/cache/280x280/ts/product/39/7f/dc/6e8b9104a1a5b8e18461fa6406387166.jpg
208,5875295,5875303,Điện Thoại Bphone 3 Pro - Hàng Chính Hãng,9990000,https://salt.tikicdn.com/cache/280x280/ts/product/7d/8f/21/d9cefc7f0164f78eb84908b1d8175039.jpg
209,3702635,54694278,Điện thoại bàn không dây Panasonic KX-TGC310,783000,https://salt.tikicdn.com/cache/280x280/ts/product/b9/ed/22/4654b32bf0dbe800c5d2d75be6bf35ed.jpg
210,53115460,53115462,Điện Thoại iPhone  SE 256G ( 2020)  - Hàng  Chính Hãng,15390000,https://salt.tikicdn.com/cache/280x280/ts/product/be/02/b1/59cc6207c7ab6924c945000c5ed6fb37.jpg
211,55027792,55027794,Điện Thoại Wiko View 4 Lite (2GB/64GB) - Hàng chính hãng,2290000,https://salt.tikicdn.com/cache/280x280/ts/product/ea/41/65/3ea854c924af158151a0c087a7652e47.jpg
212,12206713,33895390,Điện Thoại Samsung Galaxy S10 (128GB/8GB) - Hàng Chính Hãng - Đã Kích Hoạt Bảo Hành Điện Tử,10990000,https://salt.tikicdn.com/cache/280x280/ts/product/f5/e9/d6/3505610feb607b38ce9569484d832b1e.jpg
213,53513450,53513454,Điện Thoại iPhone SE 128G ( 2020) - Hàng Nhập Khẩu,12050000,https://salt.tikicdn.com/cache/280x280/ts/product/c1/da/21/6d857127d36ef2028094eada2e5d5e85.PNG
214,12539362,13886343,Điện Thoại Nokia 210 - Hàng Chính Hãng,719000,https://salt.tikicdn.com/cache/280x280/ts/product/71/a7/63/7157e39d6e80ff98ace586ece0d8dbd7.jpg
215,37289936,37289962,"Điện thoại Oukitel WP2 chống nước,chống va đập, pin 10.000 mAh - Hàng chính hãng",5790000,https://salt.tikicdn.com/cache/280x280/ts/product/fd/9a/50/d35336c3126729a85f5f4d4dfe24e2c8.png
216,15286472,15404857,Điện Thoại Itel A16 Plus - Hàng Chính Hãng,890000,https://salt.tikicdn.com/cache/280x280/ts/product/58/af/14/c53f5ddd01dee16a2088412c174ba37b.jpg
217,53245077,53245079,Điện thoại Mobell M889 - Hàng chính hãng,379000,https://salt.tikicdn.com/cache/280x280/ts/product/d3/65/ea/330c7771839dfe5a9d412b2da3e7f58e.png
218,11376644,52614223,Điện thoại bàn có dây Panasonic KX-TS560MX - Hàng chính hãng,550000,https://salt.tikicdn.com/cache/280x280/ts/product/f8/92/99/fb17497864167c812f761c7bdea957b0.jpg
219,37601844,37601846,Điện Thoại Wiko Y60 (1GB/16GB) - Hàng chính hãng,1199000,https://salt.tikicdn.com/cache/280x280/ts/product/a1/82/d1/ab7fcd12286579804a3191fe40f03388.jpg
220,3003545,3003549,Điện Thoại Vivo Y81 - Hàng Chính Hãng,3490000,https://salt.tikicdn.com/cache/280x280/ts/product/f6/7d/57/4ad055c7bbc2e7db3d8feda9fc126039.jpg
221,56519259,56519260,Điện thoại Black shark 3 (8GB/128GB) - Hàng QUỐC TẾ CHÍNH HÃNG,14490000,https://salt.tikicdn.com/cache/280x280/ts/product/b1/8c/f7/4a7d50200c0bead7dc4be7c904a14271.png
222,871834,53687261,Điện Thoại BlackBerry KEYone (Silver) - Hàng Chính Hãng,6590000,https://salt.tikicdn.com/cache/280x280/ts/product/23/b1/0b/b4a0c2227a9e382b0b33265031845a7e.jpg
223,54449475,54449487,"Điện thoại Xiaomi Mi Note 10 Lite (Global version, Nguyên seal, Có sẵn Tiếng Việt không cần cài đặt) - Hàng nhập khẩu ",7490000,https://salt.tikicdn.com/cache/280x280/ts/product/a2/4e/eb/426f05768b1e0e4c2e87186949057684.png
224,53833081,53833084,Điện Thoại Vivo V19 (8GB/128GB) - Hàng Chính Hãng,8590000,https://salt.tikicdn.com/cache/280x280/ts/product/2e/a6/a1/dd57f2e695f1f51a33e7f9592ab2a85e.jpg
225,5868813,28298790,Điện Thoại Bphone 3 - Hàng Chính Hãng,6790000,https://salt.tikicdn.com/cache/280x280/ts/product/db/0f/00/dc873d08e25d59ea9abcc0d1638295d0.jpg
226,6878293,6878297,iPad Pro 11 inch (2018) 64GB Wifi Cellular - Hàng Nhập Khẩu Chính Hãng,21990000,https://salt.tikicdn.com/cache/280x280/ts/product/e4/7c/e3/3f17b1ca75941381b82ba155e58296b4.jpg
227,21317020,52328225,Điện thoại bàn không dây Panasonic KX-TGF310 - Hàng Chính Hãng,1699000,https://salt.tikicdn.com/cache/280x280/ts/product/01/79/d6/3993a1a8ba77d5dfb475e5b5613c3a97.jpg
228,33858454,53991005,Điện Thoại iPhone 11 Pro Max 512GB - Hàng Nhập Khẩu,32999000,https://salt.tikicdn.com/cache/280x280/ts/product/2d/e0/1f/1d53b953630455f2affb4266a3ad42f7.png
229,476199,186444,"Thần Thoại Hy Lạp - Chuyện Về Các Vị Nam Thần , Nữ Thần , Anh Hùng Và Ác Quỷ",168300,https://salt.tikicdn.com/cache/280x280/ts/product/7e/84/05/b8c16b9b69e658e23bfb752662e02fa4.jpg
230,56312920,57217373, Máy Tính Bảng Samsung Galaxy Tab A 8 Plus P205N 2019 - Hàng Chính Hãng (Đã Kích Hoạt) Bảo Hành 12 Tháng,6990000,https://salt.tikicdn.com/cache/280x280/ts/product/82/f0/09/6dadc56bf8431759eda51df66dd5b8d0.jpg
231,37292125,52696060,iPad 10.2 Inch WiFi 128GB New 2019 - Hàng Nhập Khẩu ,10750000,https://salt.tikicdn.com/cache/280x280/ts/product/76/b7/f3/535c81a57e7def9d97130df14272bd29.jpg
232,11489374,11489376,Điện thoại Cố định Nippon NP-1201-Hàng Chính Hãng,154000,https://salt.tikicdn.com/cache/280x280/ts/product/8a/36/38/bc5c258ddb7d5094a2fc4a23eead8a2b.jpg
233,54683561,54683562,ĐIỆN THOẠI TÂN CỔ ĐIỂN mã  DT14 bàn phím quay dùng sim di động nghe gọi âm thanh rõ ràng (điện thoại bàn tân cổ điển),4900000,https://salt.tikicdn.com/cache/280x280/ts/product/d3/62/58/70ec2fd80b36c658e8933f5620e685ba.jpg
234,58259141,58259145,Điện Thoại Samsung Galaxy M31 (128GB/6GB) - Hàng Chính Hãng,5990000,https://salt.tikicdn.com/cache/280x280/ts/product/ad/bc/1c/0dda08cc76cf2d246f666c94c7945706.jpg
235,35532358,46218786,Nokia 110 Dual Sim (2019) - Xanh - Hàng chính hãng,445000,https://salt.tikicdn.com/cache/280x280/ts/product/75/fd/2c/e408bf22be7c76a78a33a26afa4eb96c.png
236,21465183,58196966,Điện thoại không dây Panasonic KX-TGC212 - Hàng Chính Hãng,1196000,https://salt.tikicdn.com/cache/280x280/ts/product/6e/44/33/222698aba6b04df38c5a98c18f8e00dc.jpg
237,21317030,52328088,Điện Thoại Bàn Không Dây Panasonic KX-TGC410 - Hàng Chính Hãng,868000,https://salt.tikicdn.com/cache/280x280/ts/product/93/0e/e1/ba7c657c02f03b12349595c2da9e61a8.jpg
238,11415485,56865820,Điện Thoại Cố Định Panasonic KX-TS580MX - Hàng chính hãng,680000,https://salt.tikicdn.com/cache/280x280/ts/product/af/54/58/7d7533b202de2b84d6595027e2d62f81.jpg
239,58245791,58245792,Máy Tính Bảng Kindle Fire HD10(9th) 32GB (2019) - Hàng Nhập Khẩu - Balck,3290000,https://salt.tikicdn.com/cache/280x280/ts/product/c1/09/a6/d5d4cf143c7e8b7faffaf937f3f003df.jpg
240,40348221,40348223,Điện thoại di động GSM Vtel C1 - Hàng chính hãng,179000,https://salt.tikicdn.com/cache/280x280/ts/product/24/14/3d/307e8d747cea3806b599bf63846f0723.png
241,20007977,20243303,Điện Thoại Masstel  Lux Mini - Hàng Chính Hãng,359000,https://salt.tikicdn.com/cache/280x280/ts/product/3c/35/12/6bebaf5be6cf85320f08e8abe3fcdcf9.jpg
242,48524585,48524587,Điện thoại Vivo U10 (4GB/64GB) - Hàng chính hãng,3590000,https://salt.tikicdn.com/cache/280x280/ts/product/49/82/f5/6be46fb5e4ef34681e0396319dd226c8.jpg
243,856051,1743673,Điện Thoại Masstel Spinner - Hãng Chính Hãng,349000,https://salt.tikicdn.com/cache/280x280/ts/product/6c/e9/25/4dbefbd0435f753a1e8e33ec208cf170.jpg
244,4064449,37155820,Điện Thoại Bàn Panasonic KXTGC313CX - Hàng Chính Hãng,1549900,https://salt.tikicdn.com/cache/280x280/ts/product/9a/21/90/9d6c45c7d6a52a4dafe96bfc749484d4.jpg
245,48963931,52002717,Điện thoại Masstel Izi 210 - Hàng chính hãng,249000,https://salt.tikicdn.com/cache/280x280/ts/product/37/70/18/f66cf9ca3b61921248b458dc4a6684ec.jpg
246,14651348,58208139,Điện thoại Meizu C9 (Tặng kèm ốp lưng) - Hàng chính hãng,1200000,https://salt.tikicdn.com/cache/280x280/ts/product/a7/c6/6d/10de721b7d29220b5130ddac40378195.jpg
247,23865953,23865954,Điện Thoại Để Bàn Panasonic KX-TS500MX - Hàng Chính Hãng,235697,https://salt.tikicdn.com/cache/280x280/ts/product/ce/75/ad/68c66e080231d652e2bccf324f138eb6.jpg
248,9363638,9725498,Điện Thoại Di Động Forme D555+ - Hàng Chính Hãng,290000,https://salt.tikicdn.com/cache/280x280/ts/product/3b/7a/84/6a9dee16bb50351e03443f6aa247b440.jpg
249,31261844,42255072,Điện Thoại Bàn Cố Định Không Dây Lắp Sim,450000,https://salt.tikicdn.com/cache/280x280/ts/product/99/d4/77/5f13a5dbea28c014a47351b7a77d6402.jpg
250,799377,53650706,Điện Thoại BlackBerry KEYone Black Edition (Đen) - Hàng Chính Hãng,7390000,https://salt.tikicdn.com/cache/280x280/ts/product/5d/1e/2e/779db757e1a7de8820fb21a47e2af4f8.jpg
251,25125941,30709265,Điện Thoại Mobell M217 - Hàng Chính Hãng,169000,https://salt.tikicdn.com/cache/280x280/ts/product/40/7c/18/a4ece76383af705ca9be73ab4ec36a6d.png
252,9799424,9799428,Điện thoại THTphone A8,349000,https://salt.tikicdn.com/cache/280x280/ts/product/9c/fa/29/3449fe80e85911f6a82b0f5a9eedf5f6.jpg
253,19912999,45902323,Điện thoại Wiko Jerry 4 - Hàng Chính Hãng,1490000,https://salt.tikicdn.com/cache/280x280/ts/product/05/b2/09/2943ca7c56da84c840a37cfa6635093a.png
254,53841463,53841476,Điện thoại Xiaomi Redmi 8 (3/32G) - Hàng chính hãng ,2590000,https://salt.tikicdn.com/cache/280x280/ts/product/4c/13/af/a977e337a8aa0863994b3010fa46f87a.png
255,6878353,6878357,iPad Pro 12.9 inch (2018) 512GB Wifi - Nhập Khẩu Chính Hãng,27990000,https://salt.tikicdn.com/cache/280x280/ts/product/3e/59/92/f9cfb03fdc58d082ff077368ad77fab0.jpg
256,14647608,56091146,Điện Thoại Masstel Izi 120 - Hàng Chính Hãng,199000,https://salt.tikicdn.com/cache/280x280/ts/product/b9/77/94/aae263d0e8cc4daf477a87c54089bfbc.jpg
257,31469069,31469070,Điện thoại bàn Homephone Viettel cầm tay - Hàng chính hãng,679000,https://salt.tikicdn.com/cache/280x280/ts/product/8b/fc/ea/0bd5d1e0b566dd09fbc17522d7207fcc.jpg
258,20424198,35190994,Điện Thoại Bàn Nippon NP1405 - Hàng Chính Hãng,258000,https://salt.tikicdn.com/cache/280x280/ts/product/1c/1c/a6/9efd84c6d5881c69dfcd2c0b50881448.JPG
259,14566322,14566324,Điện Thoại Suntek Vicool V10 Kiêm Tai Nghe Bluetooth - Hàng Chính Hãng,790000,https://salt.tikicdn.com/cache/280x280/ts/product/c1/2c/52/22f78f50bdb954142e2f89d3738f97fc.jpg
260,40350394,49260670,Điện thoại di động GSM Vtel C2 - Hàng chính hãng,195000,https://salt.tikicdn.com/cache/280x280/ts/product/ae/3b/04/dc24a99be01bd831309ef002e4e7f272.png
261,24505295,24505296,Máy Đọc Sách Likebook Mars - Hàng chính hãng,4990000,https://salt.tikicdn.com/cache/280x280/ts/product/5f/f3/51/d7ff4a4990b68c89b59cb8af2be4bf0e.jpg
262,55148406,55148408,iPad 10.2 Inch WiFi/Cellular 32GB New 2019 - Hàng  Chính Hãng,12490000,https://salt.tikicdn.com/cache/280x280/ts/product/29/d0/9c/d3556264e6802ff1e2035f89419e2eeb.jpg
263,8543277,8543281,Điện Thoại Vivo Y91 - Hàng Chính Hãng,3398000,https://salt.tikicdn.com/cache/280x280/ts/product/7e/67/ec/3188e3e13ea26ebf5321aedcbc1e2c84.jpg
264,41232205,41844985,Điện Thoại Bàn Cố Định Không Dây Lắp Sim - Hàng Chính Hãng,450000,https://salt.tikicdn.com/cache/280x280/ts/product/88/a2/e7/39dc37362925e8f174cd3d44c04e6ac8.jpg
265,36651420,41501369,Mày tính bảng Samsung Galaxy Tab S6 (6GB/128GB) - Hàng chính hãng,15990000,https://salt.tikicdn.com/cache/280x280/ts/product/75/ae/34/a85bf4caa89f0df2bb7dbd0d536e1490.jpg
266,19921926,46059250,Điện Thoại Masstel IZI 109 - Hàng Chính Hãng,250000,https://salt.tikicdn.com/cache/280x280/ts/product/f7/81/f7/b0761efa96fb71bf94fa6dd217661d87.jpg
267,54697472,54697474,"Điện thoại Forme D10, MÀN HÌNH 2.0inch, CHỨC NĂNG GỌI KHẨN CẤP SOS, LOA TO, FONT CHỮ LỚN, PHÍM SỐ LỚN, FM KHÔNG DÂY - Hàng chính hãng",335000,https://salt.tikicdn.com/cache/280x280/ts/product/98/b0/71/7e2b1281c558dded9763e67b049c3335.jpg
268,625684,11588563,Máy Tính Bảng Mobell Tab 7S (8GB) - Hàng Chính Hãng,1390000,https://salt.tikicdn.com/cache/280x280/media/catalog/product/1/_/1.u4064.d20170426.t115242.448874.jpg
269,21294045,11586943,Điện thoại Mobell M118 - Hàng Nhập Khẩu,189000,https://salt.tikicdn.com/cache/280x280/ts/product/ef/f9/56/0fc4b2b383f84a7eb9c80dc7549e6c68.jpg
270,55197731,55197732,Điện thoại bàn màu đỏ KXT438,190000,https://salt.tikicdn.com/cache/280x280/ts/product/ba/b8/05/e23078e7f6ae3eee8c65dcc880e5fdd7.jpg
271,41239825,41239826,Điện Thoại IP-Phone Yealink Sip T19 E2 - Hàng Chính Hãng,890000,https://salt.tikicdn.com/cache/280x280/ts/product/da/77/cf/6c03db4be72df95d89e9bd0cd0d4c0cf.jpg
272,36029669,36029670,Điện Thoại Mobile Uiphone U2 (Đen) - Hàng Chính Hãng,599000,https://salt.tikicdn.com/cache/280x280/ts/product/8f/da/54/8570736f7508e20289e84b5bf18705fb.JPG
273,9857985,9857987,Điện Thoại M-Power M22 - Hàng Chính Hãng,209000,https://salt.tikicdn.com/cache/280x280/ts/product/c5/fd/2d/dab2714b89d8cc2414534e4f8b11d358.jpg
274,4048605,54693995,Điện Thoại Bàn Panasonic KX-TGB110 (Đen) - Hàng Chính Hãng,578000,https://salt.tikicdn.com/cache/280x280/ts/product/28/d0/4f/f307b473d3b46f9f03efc8062d11713c.jpg
275,34567934,34567936,Điện thoại di động Bird P1 - Hàng Chính Hãng,425000,https://salt.tikicdn.com/cache/280x280/ts/product/20/25/f7/8143a670f7d256a68a45fe83c069e68b.jpg
276,43185351,53638091, Điện Thoại Ip Panasonic KX-HDV100BX - Hàng Chính Hãng,720000,https://salt.tikicdn.com/cache/280x280/ts/product/38/14/28/f64ab6975919f1cbb199f7867bd79cb0.jpg
277,8819213,9725286,Điện Thoại Di Động Forme F1  - Hàng Chính Hãng,275000,https://salt.tikicdn.com/cache/280x280/ts/product/1f/28/5b/b217eac9294c258f7885a1087663f537.jpg
278,2570827,53498739,Điện Thoại Blackberry KEY2 - Hàng Chính Hãng,14800000,https://salt.tikicdn.com/cache/280x280/ts/product/0b/cc/90/263ba600ca7fcb6d0f9f7dbf5857ee20.jpg
279,54802325,54802327,Máy đọc sách Kindle for kids - 2019,2790000,https://salt.tikicdn.com/cache/280x280/ts/product/eb/fb/8c/764fe79326136ff299c52dd0312e5ed8.JPG
280,7357967,7529653,Điện Thoại M-Power A18Mini - Hàng Chính Hãng,279000,https://salt.tikicdn.com/cache/280x280/ts/product/a6/b6/36/78c303da7fa89ea60b9639b1b0f2c7b4.jpg
281,2640471,2799709,Điện thoại di động GSM Maxx N6610 màn hình 2.4 inch - Hàng Nhập Khẩu,199000,https://salt.tikicdn.com/cache/280x280/ts/product/a2/ce/45/8618ac7081a6080220d77605a78464e3.jpg
282,53833095,53833098,Điện Thoại Vivo Y50 (8GB/128GB) - Hàng Chính Hãng,5790000,https://salt.tikicdn.com/cache/280x280/ts/product/a7/ab/c8/1ddca15d19e9757f81fc5c002a810a69.jpg
283,4059671,36671794,Điện Thoại Bàn Panasonic KXTS 520 - Hàng Chính Hãng,345000,https://salt.tikicdn.com/cache/280x280/ts/product/bc/73/55/bff7a93a446725099fd274cb18d528b0.jpg
284,38309582,38318737,"Điện thoại bàn cố định không dây lắp các loại sim cố định, di động Viettel, Mobi, Vina...",799000,https://salt.tikicdn.com/cache/280x280/ts/product/b7/d5/28/8c26bc416119b07309fe164d8a923140.jpg
285,57864334,57864335,Máy Đọc Sách Onyx Boox Poke 2 - Hàng Chính Hãng,4890000,https://salt.tikicdn.com/cache/280x280/ts/product/1b/1c/5a/da50f6b0d600630898bba4044682303d.jpg
286,871386,57982886,Điện Thoại Masstel Fami 12 - Hàng Chính Hãng,429000,https://salt.tikicdn.com/cache/280x280/media/catalog/product/1/_/1.u5488.d20170831.t092021.334472.jpg
287,16608046,16608056,Điện Thoại Di Động Forme A5 - Hãng phân phối chính hãng,290000,https://salt.tikicdn.com/cache/280x280/ts/product/95/78/18/507bb0743405fb644cf9d1928ea0d76f.jpg
288,14566337,14566339,Điện Thoại Suntek Vicool V5 Bold 2 Sim - Hàng Chính Hãng,599000,https://salt.tikicdn.com/cache/280x280/ts/product/9b/2f/68/cfa7eb76904eb3ddd9fef36b4b968aca.jpg
289,9796817,9796821,Điện Thoại THTphone A1,279000,https://salt.tikicdn.com/cache/280x280/ts/product/5a/88/4b/b7178bd24469e30931c6e861f9254f19.jpg
290,22052301,48522708,Điện thoại Masstel Izi 112 - Hàng chính hãng,175000,https://salt.tikicdn.com/cache/280x280/ts/product/ff/a4/3f/dd44475072a035bd09e52b2d234b9352.png
291,24267006,24267008,Điện Thoại OPPO K3 (64G/6GB) - Hàng Chính Hãng ,4990000,https://salt.tikicdn.com/cache/280x280/ts/product/3c/0b/b8/0c344b5538897f5095d0faefc3605f50.jpg
292,55148130,55148132,iPad 10.2 Inch WiFi/Cellular 128GB New 2019 - Hàng  Chính Hãng,14490000,https://salt.tikicdn.com/cache/280x280/ts/product/29/d0/9c/aba09d11bae5cb85ea2e11e1431839cb.jpg
293,17533618,55962220,Điện Thoại Bavapen B28 - Hàng Chính Hãng,231000,https://salt.tikicdn.com/cache/280x280/ts/product/99/0d/1c/785d2c62921687741799b3acd9b48451.jpg
294,9365155,9673171,Điện Thoại Di Dộng M-Power M56 - Hàng Nhập Khẩu,219000,https://salt.tikicdn.com/cache/280x280/ts/product/0f/53/b6/84c7a01e3f827d8d3520bb91f14e0734.jpg
295,29436154,43634374,Điện thoại Yealink T19E2 - Hàng chính Hãng,890000,https://salt.tikicdn.com/cache/280x280/ts/product/8a/9b/d4/507a9bfebbf2ed027d78331e210456ba.jpg
296,16518032,57142613,Điện thoại để bàn Panasonic KX-TS560 hàng chính hãng,533000,https://salt.tikicdn.com/cache/280x280/ts/product/7a/d2/f9/e2df45c90de472b9fa0ebdff56798b8b.jpg
297,40351876,40351879,Điện thoại di động GSM Vtel V1 - Hàng chính hãng,239000,https://salt.tikicdn.com/cache/280x280/ts/product/88/45/fb/0803423dbecbd491c5a82feb0b41cc09.png
298,21466227,49302127,Điện thoại bàn không dây Panasonic KX-TGC412 - Hàng Chính Hãng,1280000,https://salt.tikicdn.com/cache/280x280/ts/product/20/e5/eb/ba9cba81b41bcc27f1359707ceb7fe18.jpg
299,41273594,41273595,Điện Thoại Cố Định IP Phone Fanvil X1 - Hàng Chính Hãng,730000,https://salt.tikicdn.com/cache/280x280/ts/product/61/58/5f/c6dcaaf69e62d9745f63b667df3624b8.jpg
300,6878373,6878377,iPad Pro 12.9 inch (2018) 64GB Wifi Cellular - Hàng Nhập Khẩu Chính Hãng,25990000,https://salt.tikicdn.com/cache/280x280/ts/product/3e/59/92/95b852427b63efc84a40fa4b96f6262b.jpg
301,55961155,55961163,Điện thoại Bavapen B18 - Hàng Chính Hãng,200000,https://salt.tikicdn.com/cache/280x280/ts/product/ca/fd/ed/42a22c908573aedea2692c91ca0ab782.jpg
302,47971430,47971432,Điện Thoại M-Power M81 - Hàng Chính Hãng,259000,https://salt.tikicdn.com/cache/280x280/ts/product/80/8b/72/ab2e8d05eb497c4a353a26fcf55a7f1b.png
303,25100431,58244836,Điện Thoại Masstel Fami 9 - Hàng Chính Hãng - Đen,329000,https://salt.tikicdn.com/cache/280x280/ts/product/6d/37/f3/8c396946b4040705ffe13559319b4f4a.png
304,4065031,24726480,Điện Thoại Bàn Panasonic KXTGD312CX - Hàng Chính Hãng,1398900,https://salt.tikicdn.com/cache/280x280/ts/product/c8/0d/31/7af7bde6ad6f87c28ad12ddc1aa02434.jpg
305,8822674,8822675,Điện Thoại Di Động Forme L6 Hồng - Hàng Chính Hãng,345000,https://salt.tikicdn.com/cache/280x280/ts/product/70/9f/30/3fe8c66b99cef0a258bccd8c38043533.jpg
306,10766617,44783964,Điện Thoại Mobell ROCK 3 - Hàng Chính Hãng,489000,https://salt.tikicdn.com/cache/280x280/ts/product/d6/e2/d9/c5a4e5fe51d238b9ba54290eb03f6fd5.jpg
307,658538,680662,Điện Thoại Bluboo Dual (16GB/2GB) - Hàng Chính Hãng,1590000,https://salt.tikicdn.com/cache/280x280/media/catalog/product/4/_/4.u2751.d20170602.t162705.527355.jpg
308,8820501,9729320,Điện Thoại Di Động Forme Gorilla  - Hàng Chính Hãng,299000,https://salt.tikicdn.com/cache/280x280/ts/product/7e/f8/84/3a3a959d6f17fbe7b627dd7c97f3c8c7.jpg
309,7958004,20701414,Máy Đọc Sách Kobo Forma - Bản 32GB - Hàng Nhập Khẩu,8686000,https://salt.tikicdn.com/cache/280x280/ts/product/a2/70/98/f0051f019342163bac8e1fbb07d6312c.jpg
310,6878393,6878397,iPad Pro 12.9 inch (2018) 512GB Wifi Cellular - Hàng Nhập Khẩu Chính Hãng,27990000,https://salt.tikicdn.com/cache/280x280/ts/product/3e/59/92/28f5fd9afe76130566acd08e3a432326.jpg
311,50340114,50346781,Điện Thoại Samsung Galaxy S20 Ultra - Hàng Chính Hãng - Đã Kích Hoạt Bảo Hành Điện Tử,20969000,https://salt.tikicdn.com/cache/280x280/ts/product/74/28/0f/53460617f081ae52aee48e4e1d1dbfbf.jpg
312,57383804,57383806,"Điện thoại Forme A7, màn hình 1.8inch, 2 sim 2 sóng, thẻ nhớ ngoài, loa nhạc lớn, FM không dây, pin 950mAh - Hàng chính hãng",220000,https://salt.tikicdn.com/cache/280x280/ts/product/79/fb/0e/7d6ee34d4a6f28704fce06f687b62153.jpg
313,3560691,3560695,Điện Thoại Suntek X68 - Hàng Chính Hãng,419000,https://salt.tikicdn.com/cache/280x280/ts/product/84/27/48/0d80683d3a2f1be108007e29fd4931ff.jpg
314,16521748,52614359,Điện thoại để bàn Panasonic KX-TS880 hàng chính hãng,788000,https://salt.tikicdn.com/cache/280x280/ts/product/66/f6/8c/d27276cd9a9849356dc5382f03a18972.jpg
315,11110653,57941202,Điện thoại bàn không dây Panasonic KX-TGF320 - Hàng Chính Hãng,1871000,https://salt.tikicdn.com/cache/280x280/ts/product/01/79/d6/756aaaf26ae5b7dd0ed7b9f06120c9b9.jpg
316,6878283,6878291,iPad Pro 11 inch (2018) 512GB Wifi - Hàng Nhập Khẩu Chính Hãng,23990000,https://salt.tikicdn.com/cache/280x280/ts/product/b8/90/7b/b0031228443eaaac69059d518d6a71ed.jpg
317,14645571,16683589,Điện Thoại Masstel Izi 109 - Hàng Chính Hãng,189000,https://salt.tikicdn.com/cache/280x280/ts/product/13/99/de/6ba56bd6c40e3fd5c721c3588911bcac.jpg
318,48324874,49657001,Máy Đọc Sách Kobo Forma - bản 8GB- Hàng Nhập Khẩu,6480000,https://salt.tikicdn.com/cache/280x280/ts/product/97/d7/cd/534bd8443bad62bc11a956f1b1508681.jpg
319,31820638,31820640,Điện Thoại Bàn Panasonic KX-TS500MX - Panasonic KX-TS500MX Integrated Telephone System - Hàng chính hãng,237697,https://salt.tikicdn.com/cache/280x280/ts/product/1a/cb/23/90316708400132332cca252477e668ac.jpg
320,53515396,53515402,Điện Thoại iPhone SE 256G ( 2020) - Hàng Nhập Khẩu,13799000,https://salt.tikicdn.com/cache/280x280/ts/product/f8/82/d7/f57c8b6b984d8d03a018db7949a36221.jpg
321,41275052,45084246,Điện Thoại Ip ATCOM D21 Hàng chính hãng ,751000,https://salt.tikicdn.com/cache/280x280/ts/product/20/fb/fa/9ad78ba0f1b56b2bad7769687d76192b.jpg
322,47971453,47971455,Điện Thoại M-Power M16 - Hàng Chính Hãng,199000,https://salt.tikicdn.com/cache/280x280/ts/product/05/80/d1/ffcec02dfbc2be8f3b3283530f2203b7.png
323,11374712,11374714,Điện thoại Panasonic KX-TS520MX - Hàng chính hãng,360900,https://salt.tikicdn.com/cache/280x280/ts/product/18/47/ee/1b9dfd453ae9577c3a7f0618ace67ae9.jpg
324,11375305,52613937,ĐIỆN THOẠI BÀN PANASONIC KX TS820 - Hàng chính hãng,399000,https://salt.tikicdn.com/cache/280x280/ts/product/1d/b6/8a/aad95b9bfee9183b1ea75a87f6b9be44.jpg
325,11251711,52328445,Điện thoại bàn không dây Panasonic KX-TGD312 - Hàng Chính Hãng,1372000,https://salt.tikicdn.com/cache/280x280/ts/product/89/54/f7/30ab541c229501e179bb3788eba97b3b.jpg
326,8823213,9729285,Điện Thoại Di Động Forme L6 - Hàng Chính Hãng,345000,https://salt.tikicdn.com/cache/280x280/ts/product/b7/cf/31/95b51b6dc92237a5ee27d1ffc81448d8.jpg
327,2360487,48649594,Máy Đọc Sách Onyx Boox Note - Hàng Nhập Khẩu,9590000,https://salt.tikicdn.com/cache/280x280/ts/product/40/09/6e/2ca88c8eb75ec697bdd422ff4aeaeeb8.jpg
328,48312354,48696452,Điện thoại Vivo U10 4GB/64GB - Hàng chính hãng - Xanh,3630000,https://salt.tikicdn.com/cache/280x280/ts/product/ae/6f/d9/d468ce3ec3959a988dc8c521b98fc421.png
329,47994357,47994359,"Điện thoại Forme U30, màn hình 1.8inch, pin 1500mAh - Hàng chính hãng",210000,https://salt.tikicdn.com/cache/280x280/ts/product/80/ac/91/339cf751e16eaca94567d50392fd5f99.jpg
330,4600083,4600087,Điện Thoại Vivo V11i - Hàng Chính Hãng,4855000,https://salt.tikicdn.com/cache/280x280/ts/product/71/61/a8/743adcdc27a76d584360134dd13d2d84.jpg
331,41273376,41273377,  Điện Thoại Cố Định Panasonic KX T37 CID - Hàng Chính Hãng,350000,https://salt.tikicdn.com/cache/280x280/ts/product/60/6e/16/a614555df9793421a185947064b69272.jpg
332,8031111,20726238,Điện Thoại Masstel Play 30 - Hàng Chính Hãng,399000,https://salt.tikicdn.com/cache/280x280/ts/product/20/63/dd/cfb7718c8bae0399e2363eb6d0a2bfe2.jpg
333,16523479,49302185,Điện thoại để bàn Panasonic KX TSC11MX hàng chính hãng,460000,https://salt.tikicdn.com/cache/280x280/ts/product/c0/87/0b/e8b8b025adff3907e709a62fc5139614.jpg
334,6878383,6878387,iPad Pro 12.9 inch (2018) 256GB Wifi Cellular - Hàng Nhập Khẩu Chính Hãng,27990000,https://salt.tikicdn.com/cache/280x280/ts/product/3e/59/92/daf23928bc19a294798c1eb6e8bbfb99.jpg
335,21957501,21957503,"Điện thoại Ulefone power 6 (Ram 4GB/Rom 64Gb , màn hình giọt nước,pin 6350 mAh) - hàng chính hãng",3990000,https://salt.tikicdn.com/cache/280x280/ts/product/23/ad/01/66b15acff438946adecb25c2f5e254e4.jpg
336,47990535,47990537,"Điện thoại Forme M5, màn hình 1.8inch, loa nhạc lớn, font chữ lớn - Hàng chính hãng",275000,https://salt.tikicdn.com/cache/280x280/ts/product/a7/5b/eb/5b0f78c6ad3af876b3ca4da7aabf9f29.jpg
337,31542544,52153189,Điện Thoại Vivo Y12 (32GB/3GB) - Hàng Chính Hãng,2750000,https://salt.tikicdn.com/cache/280x280/ts/product/61/d0/96/45f5cba6aaa3b9944bbdda354539676f.png
338,42190575,42190576,Điện thoại bàn có màn hình-C197,255000,https://salt.tikicdn.com/cache/280x280/ts/product/c9/54/8f/84b58893d016c237b8abc79cb64957de.jpg
339,21317034,11478449,Điện thoại bàn không dây Panasonic KX-TGC412 - Hàng Chính Hãng,1281900,https://salt.tikicdn.com/cache/280x280/ts/product/24/32/e0/89462416610967b4af2f5bd986814996.jpg
340,8818035,9726073,Điện Thoại Di Động Forme F3 - Hàng Chính Hãng,290000,https://salt.tikicdn.com/cache/280x280/ts/product/91/47/b6/dc9b359c3794e46e6e4bcf800bf00d9e.jpg
341,8274317,8274319,Máy Đọc Sách Boox Note Plus (Note+) - Hàng Nhập Khẩu,13490000,https://salt.tikicdn.com/cache/280x280/ts/product/ff/2f/d9/9d73a790bcaefad6805b6c7e6dc87a3c.jpg
342,42333095,56240705,"Điện thoại cố định không dây cho người già, màn hình hiển thị đầu số - Hàng chính hãng",479000,https://salt.tikicdn.com/cache/280x280/ts/product/76/d8/38/696f093021940f0ffe332f2fb05e0971.jpg
343,23181426,49302075,Điện thoại bàn không dây Panasonic KX-TGD310 - Hàng Chính Hãng,955000,https://salt.tikicdn.com/cache/280x280/ts/product/b4/cd/22/6d14756586378fb181906058dafc00fd.jpg
344,13561031,53051060,Máy Tính Bảng Samsung Galaxy A Plus 8'' (Có S Pen) - Hàng Chính Hãng - Đã Kích Hoạt Bảo Hành Điện Tử,5790000,https://salt.tikicdn.com/cache/280x280/ts/product/8e/09/d6/2a152bf939fd6e48f81ade293928c675.jpg
345,13325515,13325517,Điện Thoại Di Động Forme L6  - Hàng Chính Hãng,345000,https://salt.tikicdn.com/cache/280x280/ts/product/f5/b7/14/4ad351ff9e3a1a35b6631d82aa7cdb0a.jpg
346,41274758,41274759,Điện Thoại IP ATCOM D20 - Hàng Chính Hãng - 6 Tài khoản SIP,730000,https://salt.tikicdn.com/cache/280x280/ts/product/20/fb/fa/0cfb98be727c14cd709523ff79951e91.jpg
347,54882670,55089791,Điện thoại để bàn tân cổ điển chuông thanh bàn phím quay mã DT10 dùng sim di động hoặc dùng cáp nghe gọi âm thanh rõ ràng và để trang trí (điện thoại bàn tân cổ điển),2600000,https://salt.tikicdn.com/cache/280x280/ts/product/e6/8b/35/e1e0af14e956971c3d866f6ba168baf6.JPG
348,41234825,41234826,ĐIỆN THOẠI IP WIFI  ATCOM A10W - Hàng Chính Hãng,1150000,https://salt.tikicdn.com/cache/280x280/ts/product/f2/30/2b/9c8a2faed3865cb544a9a000b6172069.jpg
349,29425483,44307904,Điện thoại IP Grandstream GXP1610 - Hàng chính hãng,879000,https://salt.tikicdn.com/cache/280x280/ts/product/d3/13/e9/4af8d22320f14350943d707a4345381a.jpg
350,8818325,8818326,Điện Thoại Di Động Forme F3 Black - Hàng Chính Hãng,290000,https://salt.tikicdn.com/cache/280x280/ts/product/92/1f/34/b2d1ae414cffaf029b0152364cc9a07d.jpg
351,712283,745131,Điện Thoại Suntek X9 - Hàng Chính Hãng,599000,https://salt.tikicdn.com/cache/280x280/media/catalog/product/1/_/1.u2769.d20170709.t121302.580638_2.jpg
352,16519193,53635684,Điện thoại để bàn Panasonic KX-TS820 hàng chính hãng,400000,https://salt.tikicdn.com/cache/280x280/ts/product/8a/8c/d8/74b4a337364b562fd2b3e4f45080b45e.jpg
353,14621026,20726241,Điện Thoại Di Động Masstel Max R1 - Hàng Chính Hãng,419000,https://salt.tikicdn.com/cache/280x280/ts/product/db/6c/30/bec4b4d41956985f86176874d0b88ee7.jpg
354,15241591,15241593,Điện Thoại Honor 20 Lite - Hàng Chính Hãng,4790000,https://salt.tikicdn.com/cache/280x280/ts/product/ea/f1/29/4a453c0295783adef5d0cfba7a42e05e.jpg
355,35538176,23088336,Apple iPad Air 3 New 2019  Wifi - Hàng Nhập Khẩu,12199000,https://salt.tikicdn.com/cache/280x280/ts/product/bb/af/e6/2ebd97c61e438f776928a080e661ce50.jpg
356,14568998,14687816,Điện Thoại Suntek A1 4GB - Hàng Chính Hãng,3290000,https://salt.tikicdn.com/cache/280x280/ts/product/45/9e/58/540f5741e2557eb9ac37f49b1a065b9a.jpg
357,11251935,49302109,Điện thoại kéo dài Panasonic KX-TGC210 - Hàng chính hãng,835000,https://salt.tikicdn.com/cache/280x280/ts/product/23/fa/36/e7242312bef7c806f4ada7602d119f4c.jpg
358,40436685,55426140,Máy đọc sách Onyx Boox Note 2 - HÀNG CHÍNH HÃNG,13590000,https://salt.tikicdn.com/cache/280x280/ts/product/5f/c9/49/bdc71ec81455bbbc0a37063e0de52da3.jpg
359,25098280,58245027,Điện Thoại Masstel Fami 9 - Hàng Chính Hãng - Xanh,329000,https://salt.tikicdn.com/cache/280x280/ts/product/23/e2/5a/2df31ea78b9ca5361cf764f9745644c9.png
360,11418386,55354159,Điện thoại Cố định Panasonic KX-TS880MX - Hàng chính hãng,799000,https://salt.tikicdn.com/cache/280x280/ts/product/92/91/f2/bc948080f014886e5afa79ceb3743566.jpg
361,14084476,20769983,Điện Thoại Bàn Panasonic KX-TS500MX - Hàng Chính Hãng,233899,https://salt.tikicdn.com/cache/280x280/ts/product/8c/58/50/0d3e16d51e72a3812d70a9bf322a8165.jpg
362,4065607,57941218,Điện Thoại Bàn Panasonic KXTGF320CX - Hàng Chính Hãng,1999000,https://salt.tikicdn.com/cache/280x280/ts/product/a6/ce/28/67475e8aff9818cc78c0889001b350ca.jpg
363,7447383,7590984,Điện Thoại Suntek Voga V1 - Hàng Chính Hãng,2990000,https://salt.tikicdn.com/cache/280x280/ts/product/77/f8/20/36c4cbad2eef6c720c5243e90e56ce24.jpg
364,11468703,11468707,Điện thoại bàn Panasonic KX-T7705X - Hàng chính hãng,611900,https://salt.tikicdn.com/cache/280x280/ts/product/37/45/3c/a92eeca917349ee92eb483970b0977af.jpg
365,2316961,2316969,Điện Thoại Infinix HOT S (X521) - Hàng Chính Hãng,2350000,https://salt.tikicdn.com/cache/280x280/ts/product/78/fd/9a/f1f23aa98944cd4ee104442a139cd8b9.jpg
366,13561036,14311856,Máy Tính Bảng Samsung Galaxy A 8 Plus (Có S Pen) - Hàng Chính Hãng,6990000,https://salt.tikicdn.com/cache/280x280/ts/product/30/31/7e/8532aeaf0baa6f43749586fe44bf01c0.jpg
367,34775156,56239500,Máy đọc sách Boox Max 3-Hàng Chính Hãng,19790000,https://salt.tikicdn.com/cache/280x280/ts/product/d5/61/c5/d2e048f6abb5b2fec10290e12117b205.png
368,4053567,24727601,Điện Thoại Bàn Có Dây Panasonic KXT7703X - Hàng Chính Hãng,458999,https://salt.tikicdn.com/cache/280x280/ts/product/c4/f3/39/bb0427a380f465252749397fade93d1f.jpg
369,54693718,54694381,"Điện thoại Forme A1, siêu nhỏ gọn, đèn led 7 màu theo nhạc - Hàng chính hãng",325000,https://salt.tikicdn.com/cache/280x280/ts/product/41/7f/9f/2bbb5ba73f6d1bfc097f07d7346a433a.jpg
370,58130128,58130129,"Điện thoại ITEL S41 3GB/16GB + ốp dẻo- Bảo mật vân tay, khuôn mặt- Hàng chính hãng",1210000,https://salt.tikicdn.com/cache/280x280/ts/product/6b/a1/a5/d20fb58b6fda08a5ba64d580c3800930.jpg
371,41274209,41274210,Điện thoại bàn cổ điển DT26,2200000,https://salt.tikicdn.com/cache/280x280/ts/product/1f/68/47/e0760f85e7c7c428d041d5abde8f12f8.jpg
372,54989813,54989814,"Điện thoại tân cổ điển để bàn mã DT4 màu trắng kết hợp vàng, chuông thanh bàn phím quay, dùng sim di động nghe gọi âm thanh tốt và để trang trí (Điện thoại bàn tân cổ điển)",2900000,https://salt.tikicdn.com/cache/280x280/ts/product/2b/fc/6e/608bfea4b7de675a262acef9e7b07086.JPG
373,34292701,34292702,Smartphone - VIVAS Lotus S3 LTE,3990000,https://salt.tikicdn.com/cache/280x280/ts/product/0b/48/26/c76c426b5dedabafc72ba473db256b0c.jpg
374,2131505,57983140,Máy Tính Bảng Masstel Tab 7 – Hàng Chính Hãng,1400000,https://salt.tikicdn.com/cache/280x280/ts/product/a7/8b/53/2024f58ec5301f00e0969e2f5c36cfa9.jpg
375,724530,733462,Loa JBL SoundBoost Motomods (Dành Cho Moto Z / Moto Z Play) - Hàng Chính Hãng,2999000,https://salt.tikicdn.com/cache/280x280/media/catalog/product/1/_/1.u5395.d20170717.t165116.811431.jpg
376,47994191,47994193,"Điện thoại Forme L03, màn hình 2.4inch, pin 3500mAh, loa nhạc to, font chữ lớn - Hàng chính hãng",360000,https://salt.tikicdn.com/cache/280x280/ts/product/6a/df/57/995732c66627ea96fd55c244049753ab.jpg
377,712616,745129,Điện Thoại Suntek Nomu U3W - Hàng Chính Hãng,2550000,https://salt.tikicdn.com/cache/280x280/media/catalog/product/v/j/vjq1394542482.u2769.d20170710.t104609.476009_2.jpg
378,10758575,23166619,Điện Thoại Samsung Galaxy M20 (32GB/3GB) - Hàng Chính Hãng - Đã Kích Hoạt Bảo Hành Điện Tử,3490000,https://salt.tikicdn.com/cache/280x280/ts/product/8e/89/ea/0b377bbd8412d63a66cee97e3770a12e.jpg
379,5193379,5193387,Điện thoại THTphone A11,299000,https://salt.tikicdn.com/cache/280x280/ts/product/89/a3/83/f605663bc56b0128968899bb3e4013fb.jpg
380,55963156,55963157,Điện Thoại Bavapen Pluzz P521 - Hàng Chính Hãng,270000,https://salt.tikicdn.com/cache/280x280/ts/product/e2/17/da/93d51ab8f2a6ee18cb8b814e86698c9c.jpg
381,19885876,55963328,Điện Thoại Pluzz P521 - Hàng Chính Hãng,270000,https://salt.tikicdn.com/cache/280x280/ts/product/01/af/e5/5f54b90227604b08df6eaf7654483012.jpg
382,58444960,58445009,Điện thoại Vivo Y1S - Hàng chính hãng,2690000,https://salt.tikicdn.com/cache/280x280/ts/product/ac/e0/57/6f377a45a456cda76c40bbd79b64a0a3.png
383,52481412,52481413,"Điện thoại bàn cổ điển, điện thoại bàn tân cổ điển, DT122",1800000,https://salt.tikicdn.com/cache/280x280/ts/product/f3/62/7f/eb25b494606019df0caf177c893fdcf5.jpg
384,49360016,49360020,Điện thoại Masstel Fami 9 Đen đỏ - Hàng chính hãng,399000,https://salt.tikicdn.com/cache/280x280/ts/product/9b/71/cf/389c37797bea29a4e0477392174be143.jpg
385,2715109,23463355,Điện Thoại LV Mobile LV218 - 2 SIM - Hàng chính hãng,239000,https://salt.tikicdn.com/cache/280x280/ts/product/fc/8f/89/398e60367491535805063aca52b0af1f.jpg
386,12275398,36301854,Điện thoại để bàn không dây Panasonic KX-TGK210 - Hàng Chính Hãng,918000,https://salt.tikicdn.com/cache/280x280/ts/product/1c/5c/c7/bc99f006e7a043f22a41c0f89cd4a948.jpg
387,9793739,9793741,Điện Thoại THTPhone K3,599000,https://salt.tikicdn.com/cache/280x280/ts/product/ea/ba/3c/0ca5fce1bdef9e3b212c86de868dd26b.jpg
388,23620864,23620865,Điện thoại cố định không dây lắp sim Chino-E C265 - Hàng nhập khẩu,735000,https://salt.tikicdn.com/cache/280x280/ts/product/3f/ca/a7/0bd9264c6f2d2e8733a6d5ca2fdf7b60.jpg
389,52406983,52406984,Điện thoại bàn cổ điển DT76,2200000,https://salt.tikicdn.com/cache/280x280/ts/product/69/9a/3c/b588598b4b144f3b40de55afc0f72178.jpg
390,23142193,56410246,Điện thoại bàn không dây Panasonic KX-TGC313 - Hàng Chính Hãng,1496000,https://salt.tikicdn.com/cache/280x280/ts/product/d4/7e/c9/72e19580d556fa02d030cc6e77d1c6fd.jpg
391,11468555,54350101,Điện Thoại Bàn PANASONIC KX-T7703X-TG - Hàng chính hãng,499000,https://salt.tikicdn.com/cache/280x280/ts/product/df/31/40/004a627be3c4b33f60da77fc31a84d0c.jpg
392,53020767,53020768,Điện thoại bàn cổ điển DT108,2200000,https://salt.tikicdn.com/cache/280x280/ts/product/34/1c/78/fa4e0e2da739cf52845de78b27aba0b5.jpg
393,4048707,37155823,Điện Thoại Bàn Không Dây Panasonic KXTGC412 (Đen) - Hàng Chính Hãng,1384900,https://salt.tikicdn.com/cache/280x280/ts/product/a1/a4/c3/0ac812f7e2cfd41105af804a57eb7dad.jpg
394,11465847,52710124,ĐIỆN THOẠI CỐ ĐỊNH PANASONIC KX-TS840MX - Hàng chính hãng,549000,https://salt.tikicdn.com/cache/280x280/ts/product/86/0d/7d/cdb5641b7186c92fcdec8cf360f5a4c5.jpg
395,23407543,38073014,Điện thoại Masstel Fami 1 - Hàng Chính Hãng,319000,https://salt.tikicdn.com/cache/280x280/ts/product/64/57/f2/9a20b4eb880a52d0d711be1532d49899.png
396,39047200,39047201,Điện thoại bàn cổ điển DT02,1600000,https://salt.tikicdn.com/cache/280x280/ts/product/d0/ac/a7/61d654400040974069ad89d4da10673a.jpg
397,53330127,54664188,Điện thoại bàn cổ điển DT04,2000000,https://salt.tikicdn.com/cache/280x280/ts/product/5d/16/e4/688fcba61b89fcb9bf23377525c79c50.jpg
398,53380152,53380153,Điện Thoại IP Phone Fanvil X1S - Hàng Chính Hãng,800000,https://salt.tikicdn.com/cache/280x280/ts/product/a7/ca/61/b87fe4db89fdff3ff664cadaa9942414.jpg
399,6310367,6310369,Máy Chấm Đọc Sách Vua Gia Sư V600 (8GB) - Hàng Chính Hãng,3490000,https://salt.tikicdn.com/cache/280x280/ts/product/57/9b/fd/9c12ef531a25a46d04d1a4ce2dec815c.jpg
400,17751071,55962878,Điện Thoại Bavapen B52 - Hàng Chính Hãng,390000,https://salt.tikicdn.com/cache/280x280/ts/product/56/3b/47/3bffa86103248a08302411ef1d1249ab.jpg
401,48612183,48612184,Điện thoại bàn Tân Cổ Điển 217,1800000,https://salt.tikicdn.com/cache/280x280/ts/product/28/ad/a1/46af8eb68227d62c12c33b370f7fe2d7.JPG
402,47202878,47202880,ZELOTES F14 LED Optical Computer Mouse Wireless 2.4G 2400 DPI 7 Buttons Wireless Gaming Mouse Colorful Breathing Lights for Pro Ga,346000,https://salt.tikicdn.com/cache/280x280/ts/product/87/86/92/fc00210cddbc514c64d64519192c9c26.jpg
403,4065251,49302172,Điện Thoại Bàn Panasonic KXTGF310CX - Hàng Chính Hãng,2040000,https://salt.tikicdn.com/cache/280x280/ts/product/05/85/5e/fe106544b64b581411694df5ea51e7e1.jpg
404,58263379,58263380,Điện thoại Nokia 150 (2020) - Hàng chính hãng - Đen,610000,https://salt.tikicdn.com/cache/280x280/ts/product/a5/2f/45/2d46649b794bb35793ce942cde83a4c2.png
405,41275309,41275310,"Điện Thoại IP ATCOM D32 Màn Hình Màu LCD,  6 tài khoản SIP Hàng Chính Hãng",950000,https://salt.tikicdn.com/cache/280x280/ts/product/98/93/a0/dfb54a57d677c818b6293d2697bbe9cf.jpg
406,47290166,47320989,Điện thoại bàn cổ điển DT42,2000000,https://salt.tikicdn.com/cache/280x280/ts/product/69/19/90/2863038aa83c17e819904341d7d856a5.jpg
407,16518729,56865723,Điện thoại để bàn Panasonic KX-TS580 hàng chính hãng,674000,https://salt.tikicdn.com/cache/280x280/ts/product/ee/8a/71/7eb151a22bf12da56208e8e3706b6cb9.jpg
408,14569063,14687811,Điện Thoại Suntek Vicool V5 - Hàng Chính Hãng,650000,https://salt.tikicdn.com/cache/280x280/ts/product/16/7f/48/ea499f6b7331043754fd9e4698e2b4ae.jpg
409,23117977,43982426,Tay con mở rộng Panasonic KX-TGDA30 - Hàng Chính Hãng,750000,https://salt.tikicdn.com/cache/280x280/ts/product/b6/1c/dd/ba8ce29d80fff4adca3615e721e48548.jpg
410,52460684,52460685,Điện thoại bàn cổ điển DT144,4500000,https://salt.tikicdn.com/cache/280x280/ts/product/fa/9d/0d/87fb0d5f77e63cb53572996b39b4890c.png
411,1741839,20723332,Điện Thoại ZIP 1.8-1 - Hàng Chính Hãng,270000,https://salt.tikicdn.com/cache/280x280/ts/product/6c/75/80/ce59591101979c4a59baaf3b0fd85bd7.jpg
412,48613176,48613177,Điện thoại bàn Tân Cổ Điển 208,1800000,https://salt.tikicdn.com/cache/280x280/ts/product/5b/72/ae/697128b554ede5022856ce9631291668.jpg
413,11251937,54693599,Điện thoại bàn không dây Panasonic KX-TGC310-Hàng Chính Hãng,818000,https://salt.tikicdn.com/cache/280x280/ts/product/18/3f/48/f88a918e705ebabf6b7853581d57aa29.jpg
414,53646144,54066044,Tổng đài IP Panasonic KX-HTS824 All-in-one - Hàng chính hãng,5150000,https://salt.tikicdn.com/cache/280x280/ts/product/cd/67/aa/2d43cfdb16094fd77adcedee0991f395.jpg
415,20712584,42743132,ĐIỆN THOẠI IP GRANDSTREAM GXP1625 - Hàng Chính Hãng,1280000,https://salt.tikicdn.com/cache/280x280/ts/product/59/29/17/066eaf62d12dca6dc8509e52c3f3bf0d.png
416,29446449,29446452,Điện thoại không dây IP 622CW ,1850000,https://salt.tikicdn.com/cache/280x280/ts/product/ae/6f/13/5b2b1836a382df1896a77309a21c0a39.jpg
417,21982395,21982396,Máy Tính Bảng Kindle Fire 7 (9th) 16GB ( 2019)  Blue- Hàng nhập Khẩu,1248000,https://salt.tikicdn.com/cache/280x280/ts/product/40/e8/30/2fa5f8d3ca5b049c0f78170841c9e4d8.jpg
418,11251735,52328522,Điện thoại bàn không dây Panasonic KX-TGC312 - Hàng chính hãng,1195000,https://salt.tikicdn.com/cache/280x280/ts/product/1a/5f/4e/4e8c39f88c9789b17bdb8de1ed7e3aee.jpg
419,15428119,15428120,Điện thoại Ip phone Cisco CP-7945G chính hãng,4500000,https://salt.tikicdn.com/cache/280x280/ts/product/f0/1d/90/b13022431a10039d5b513f9f1e62027f.jpg
420,16520424,49302208,Điện thoại để bàn Panasonic KX-TS840 hàng chính hãng,585000,https://salt.tikicdn.com/cache/280x280/ts/product/8a/8c/d8/916a559a625ea11dc049c13331f7496b.jpg
421,41273771,41273772,Điện Thoại Cố Định IP- Phone  Fanvil X3S - Hàng Chính Hãng,950000,https://salt.tikicdn.com/cache/280x280/ts/product/d7/01/cf/d131cbb638155d1ff2af7a5f6ede6c1b.jpg
422,52644706,52644707,ĐIỆN THOẠI BÀN TÂN CỔ ĐIỂN ( NGHE GOI BẰNG DÂY LINE),1999000,https://salt.tikicdn.com/cache/280x280/ts/product/a3/86/b3/9e2da1aa64a46607087291d1183bc73b.JPG
423,20711020,28634160,Điện Thoại IP Grandstream GXP1610 - Hàng Chính Hãng,850000,https://salt.tikicdn.com/cache/280x280/ts/product/d7/8f/aa/d26f9ac72ef8fdd9957500191ebeb304.jpg
424,54664144,54664145,Điện thoại bàn cổ điển MS1 ( NGHE GỌI BẰNG  SIM DI ĐỘNG),3999000,https://salt.tikicdn.com/cache/280x280/ts/product/d1/06/39/e5e12bd30e47d5b3dcd975ae3db165b7.jpg
425,41234823,41234824,Điện Thoại IP ATCOM D33 Hàng Chính Hãng 6 Tài khoản SIP,1050000,https://salt.tikicdn.com/cache/280x280/ts/product/e3/41/c1/26a60e9feeb993dafcdf5a3775c0ed06.jpg
426,29440849,29440850,điện thoại  IP622C - hàng chính hãng,1650000,https://salt.tikicdn.com/cache/280x280/ts/product/36/ae/47/11f587e464e6ff8ae28d4ea5cbb01723.jpg
427,58151674,58151675,Điện Thoại Cổ Điển DT26R - Bản Dây Line,2490000,https://salt.tikicdn.com/cache/280x280/ts/product/1c/54/cb/1fb5c0d2ae090e6091e0430aed69081d.jpg
428,58146831,58146832,Điện Thoại Cổ Điển DT150 - Bản Dây Line,1990000,https://salt.tikicdn.com/cache/280x280/ts/product/53/c6/3c/6508ca4dbed236a46f0ab9d5c7d3879a.jpg
429,8129371,29143882,Điện Thoại IP Grandstream GXP1620 - Hàng Chính Hãng,1075000,https://salt.tikicdn.com/cache/280x280/ts/product/ca/3f/46/39ed27d8db412b24419b361cb8474c9c.jpg
430,1418743,1511181,Điện Thoại Di Động GSM Zono N105 - Hàng Nhập Khẩu,349000,https://salt.tikicdn.com/cache/280x280/ts/product/15/e3/8f/71be77a5aedc498a5c5ccda7f095af42.jpg
431,20712264,24561859,ĐIỆN THOẠI IP GRANDSTREAM GXP1615 - Hàng Chính Hãng,1090000,https://salt.tikicdn.com/cache/280x280/ts/product/d7/8f/aa/ed986020641211d85d347154a908e75e.jpg
432,52461026,52461027,Điện thoại bàn cổ điển DT146,2200000,https://salt.tikicdn.com/cache/280x280/ts/product/1a/c5/66/c9986c01b340847fbd2d6cbb11080c5a.png
433,8819725,8819726,Điện Thoại Di Động Forme Gorilla Green - Hàng Chính Hãng,299000,https://salt.tikicdn.com/cache/280x280/ts/product/d0/b1/21/91b77b391261fe114df5e54ff1d6e23c.jpg
434,13861288,13861289,Vòng Tay Phong Thủy Tỳ Hưu Mã Não Đỏ Tự Nhiên 11MM,579000,https://salt.tikicdn.com/cache/280x392/ts/product/17/24/b9/22fcf50e073e93a20fda75eadad95d0b.jpg
435,41777967,41777969,LCD Digital Display Programming Heating Thermostat Temperature Controller Instrument Weekly Programmable Heating Room Temperature,360000,https://salt.tikicdn.com/cache/280x280/ts/product/8b/19/2a/3f9e811354d149d47fd5f92b7db0ded8.jpg
436,23306300,43633576,Điện thoại IP Phone Yealink SIP-T21P - Hàng Chính Hãng,1250000,https://salt.tikicdn.com/cache/280x280/ts/product/b4/b6/36/4e8e088b3fba72e58eb10da4b7c2eb17.jpg
437,53642202,53642203,Điện thoại IP SIP Panasonic KX-HDV130 - Hàng chính hãng,850000,https://salt.tikicdn.com/cache/280x280/ts/product/1d/b0/3c/4552a091b2d9895432705a27387ea69f.jpg
438,13328288,13328289,Điện Thoại Di Động Forme Gorilla Coffee - Hàng Chính Hãng,299000,https://salt.tikicdn.com/cache/280x280/ts/product/cf/9c/65/522eb6151f1ca535193ecc6c5427931e.jpg
439,52326343,52326344,Cisco Unified IP Phone CP-7821-K9 - Hàng chính hãng,2580000,https://salt.tikicdn.com/cache/280x280/ts/product/79/f7/cd/12024318baca5d87352e48b649bda7fd.jpg
440,52002453,52002454,Cisco Unified IP Phone 7962G - Hàng chính hãng,4200000,https://salt.tikicdn.com/cache/280x280/ts/product/99/d0/63/07cf5cc3c7252c764d47929ebaa0be90.jpg
441,52480318,52480319,Điện thoại bàn cổ điển DT115,2200000,https://salt.tikicdn.com/cache/280x280/ts/product/ae/33/24/ba1d87b414295ca1fca7576ed2ea6ee7.jpg
442,58298860,58298861,"Điện Thoại Cổ Điển DT144S - Bản Dùng Sim Cố Định, Sim Gphone, Sim Homephone",5490000,https://salt.tikicdn.com/cache/280x280/ts/product/1c/3d/29/e4b27f4d6c8dc9436b578e02e0ec4fa1.jpg
443,50143132,50143134,Creative Christmas Festival Polyester Wear-resistant Thicken Waterproof Bathroom Shower Curtain Anti Skid Water AbsorptionHF,378000,https://salt.tikicdn.com/cache/280x280/ts/product/d2/b6/5a/b41873edf7d6525f9226a7c54b4cd54f.jpg
444,47211298,47211304,FD V8H 2.4G Wireless Mute Mouse Plug & Play Slim Mice Optical Tracking Power Saving Smooth Scroll Wheel for Laptop PC (Fox),349000,https://salt.tikicdn.com/cache/280x280/ts/product/9e/25/8d/cf204948972a2e7bc53514de430e2229.jpg
445,58054536,58054537,"Điện Thoại Cổ Điển Đẹp DT151, Bản Dây Line",1950000,https://salt.tikicdn.com/cache/280x280/ts/product/92/9b/86/124c725981333bf300271833eebd5332.jpg
446,58391908,58391909,Điện thoại bàn có màn hình NV-04 - Giao màu ngẫu nhiên,248000,https://salt.tikicdn.com/cache/280x280/ts/product/48/b5/11/4405d090688736fe9353972af8512861.png
447,58841752,58841753,"Điện Thoại Cổ Điển DT40S - Bản Dùng Sim Cố Định, Sim Gphone, Sim Homephone",3200000,https://salt.tikicdn.com/cache/280x280/ts/product/d5/5f/36/60db8b8a24a2cc33bb85f10153d7fa05.jpg
448,58437155,58437157,Điện Thoại OPPO RENO 4 (8GB/128GB) - Hàng Chính Hãng,8490000,https://salt.tikicdn.com/cache/280x280/ts/product/3f/bf/ab/9e806e8d17b548cf1d494f5951076690.jpg
449,58459136,58459138,Điện Thoại OPPO RENO 4 PRO  (8GB/256GB) - Hàng Chính Hãng,11990000,https://salt.tikicdn.com/cache/280x280/ts/product/5e/cc/af/12d3b2febad183795a833056dbd220be.jpg
